{"stats":{"minecraft:crafted":{"minecraft:crafting_table":1,"minecraft:spruce_planks":28,"minecraft:stick":8,"minecraft:wooden_pickaxe":1,"minecraft:stone_pickaxe":1,"minecraft:stone_sword":1},"minecraft:mined":{"minecraft:spruce_stairs":1,"minecraft:spruce_log":7,"minecraft:grass_block":3,"projectvibrantjourneys:short_grass":1,"minecraft:dirt":2,"minecraft:stone":13,"minecraft:blue_bed":1},"minecraft:dropped":{"minecraft:pumpkin_pie":1},"minecraft:used":{"minecraft:stone_sword":10,"minecraft:bread":8,"minecraft:wooden_pickaxe":13,"minecraft:blue_bed":1,"minecraft:rotten_flesh":2,"minecraft:crafting_table":1,"alexsmobs:animal_dictionary":4,"minecraft:pumpkin_pie":1},"minecraft:custom":{"minecraft:time_since_rest":18189,"minecraft:sprint_one_cm":197386,"minecraft:damage_taken":490,"minecraft:walk_one_cm":599092,"minecraft:mob_kills":2,"minecraft:drop":1,"minecraft:damage_dealt":1180,"minecraft:talked_to_villager":7,"minecraft:swim_one_cm":10830,"minecraft:interact_with_crafting_table":5,"minecraft:fly_one_cm":36212,"minecraft:open_chest":4,"minecraft:crouch_one_cm":2620,"minecraft:play_time":89260,"minecraft:sneak_time":610,"minecraft:walk_under_water_one_cm":1981,"minecraft:jump":199,"minecraft:leave_game":1,"minecraft:walk_on_water_one_cm":691,"minecraft:time_since_death":89260,"minecraft:sleep_in_bed":4,"minecraft:climb_one_cm":2133,"minecraft:total_world_time":89260,"minecraft:fall_one_cm":2743},"minecraft:killed":{"minecraft:zombie":1},"minecraft:picked_up":{"minecraft:spruce_stairs":1,"minecraft:spruce_log":7,"minecraft:blue_bed":1,"minecraft:dirt":5,"minecraft:rotten_flesh":5,"minecraft:pumpkin_pie":1,"minecraft:wheat_seeds":1,"supplementaries:ash":1,"minecraft:cobblestone":13}},"DataVersion":3465}