{"stats":{"minecraft:crafted":{"minecraft:crafting_table":2,"minecraft:spruce_planks":64,"minecraft:wooden_pickaxe":1,"minecraft:furnace":1,"epicfight:iron_dagger":2,"minecraft:bread":4,"minecraft:air":0,"minecraft:iron_chestplate":1,"minecraft:shield":1,"minecraft:stick":36,"minecraft:iron_pickaxe":1,"minecraft:iron_ingot":14,"minecraft:stone_pickaxe":1,"minecraft:stone_sword":1,"minecraft:torch":100},"minecraft:mined":{"biomesoplenty:glowworm_silk":1,"minecraft:torch":5,"minecraft:grass_block":4,"minecraft:rose_bush":2,"supplementaries:wild_flax":1,"minecraft:copper_ore":4,"minecraft:spruce_leaves":1,"biomesoplenty:sprout":1,"minecraft:lapis_ore":2,"minecraft:diorite":1,"minecraft:blue_bed":1,"minecraft:wall_torch":5,"minecraft:spruce_stairs":1,"minecraft:iron_ore":11,"minecraft:sweet_berry_bush":3,"minecraft:spruce_log":20,"minecraft:pumpkin":5,"minecraft:grass":3,"minecraft:coal_ore":99,"projectvibrantjourneys:short_grass":1,"minecraft:deepslate_iron_ore":3,"minecraft:gravel":41,"minecraft:dirt":2,"minecraft:stone":74},"minecraft:dropped":{"minecraft:rotten_flesh":3,"minecraft:pumpkin_pie":1},"minecraft:used":{"epicfight:skillbook":4,"minecraft:stone_sword":111,"minecraft:stone_pickaxe":126,"minecraft:shield":19,"minecraft:wooden_pickaxe":26,"minecraft:blue_bed":1,"minecraft:rotten_flesh":13,"minecraft:torch":98,"minecraft:crafting_table":2,"minecraft:spruce_log":4,"minecraft:bread":12,"minecraft:iron_pickaxe":47,"epicfight:iron_dagger":37,"minecraft:gravel":1,"minecraft:cobblestone":2,"minecraft:sweet_berries":37,"minecraft:furnace":1,"minecraft:cooked_porkchop":3,"minecraft:pumpkin_pie":1,"alexsmobs:animal_dictionary":4,"minecraft:cooked_beef":4},"minecraft:custom":{"minecraft:interact_with_furnace":7,"minecraft:mob_kills":33,"minecraft:interact_with_crafting_table":12,"minecraft:interact_with_campfire":16,"minecraft:leave_game":4,"minecraft:time_since_death":205247,"minecraft:sleep_in_bed":6,"minecraft:climb_one_cm":2573,"minecraft:time_since_rest":85927,"minecraft:sprint_one_cm":458827,"minecraft:damage_taken":2094,"minecraft:walk_one_cm":1637353,"minecraft:damage_blocked_by_shield":620,"minecraft:drop":4,"minecraft:damage_dealt":6487,"minecraft:fly_one_cm":124457,"minecraft:swim_one_cm":48200,"minecraft:talked_to_villager":8,"minecraft:player_kills":1,"minecraft:open_chest":4,"minecraft:crouch_one_cm":5112,"minecraft:play_time":205247,"minecraft:sneak_time":1518,"minecraft:walk_under_water_one_cm":18239,"minecraft:jump":1299,"minecraft:walk_on_water_one_cm":17693,"minecraft:total_world_time":205247,"minecraft:fall_one_cm":13542},"minecraft:killed":{"alexsmobs:lobster":1,"minecraft:pig":1,"minecraft:spider":4,"minecraft:skeleton":3,"minecraft:pillager":2,"minecraft:zombie":14,"minecraft:player":1,"minecraft:cow":7},"minecraft:picked_up":{"minecraft:cooked_beef":13,"minecraft:leather":7,"minecraft:flint":3,"supplementaries:flax_seeds":1,"minecraft:lapis_lazuli":15,"minecraft:dirt":6,"minecraft:blue_bed":1,"minecraft:string":3,"minecraft:raw_copper":13,"minecraft:bone":5,"minecraft:wheat_seeds":1,"minecraft:beef":13,"minecraft:rose_bush":1,"projectvibrantjourneys:light_brown_bark_mushroom":1,"minecraft:raw_iron":14,"minecraft:cooked_porkchop":3,"minecraft:pumpkin":5,"minecraft:sweet_berries":28,"projectvibrantjourneys:bark_mushroom":1,"minecraft:torch":11,"minecraft:spruce_stairs":1,"minecraft:gravel":27,"epicfight:skillbook":2,"minecraft:porkchop":3,"minecraft:diorite":1,"minecraft:spruce_log":20,"minecraft:spider_eye":1,"minecraft:arrow":6,"minecraft:rotten_flesh":16,"minecraft:pumpkin_pie":1,"supplementaries:ash":2,"minecraft:coal":99,"minecraft:cobblestone":74},"minecraft:broken":{"minecraft:stone_pickaxe":1}},"DataVersion":3465}