{"stats":{"minecraft:broken":{"minecraft:stone_pickaxe":1,"minecraft:shield":1,"minecraft:iron_pickaxe":8},"minecraft:killed":{"minecraft:spider":1,"minecraft:skeleton":8,"minecraft:husk":1,"minecraft:zombie":15,"minecraft:player":1},"minecraft:used":{"minecraft:stone_sword":41,"minecraft:bone_block":1,"minecraft:chest":4,"minecraft:shield":83,"minecraft:iron_sword":73,"minecraft:rotten_flesh":4,"minecraft:torch":357,"regions_unexplored:eucalyptus_log":14,"minecraft:wooden_axe":51,"epicfight:iron_dagger":3,"minecraft:bow":3,"minecraft:written_book":1,"minecraft:furnace":2,"minecraft:cooked_cod":2,"minecraft:egg":2,"minecraft:potato":1,"minecraft:water_bucket":1,"epicfight:skillbook":2,"minecraft:stone_pickaxe":157,"farmersdelight:golden_knife":1,"minecraft:wooden_pickaxe":83,"epicfight:iron_longsword":2,"minecraft:green_bed":3,"goblins_tyranny:hut_torch":1,"minecraft:crafting_table":9,"minecraft:bread":65,"minecraft:melon_slice":7,"minecraft:iron_pickaxe":2185,"minecraft:wooden_sword":2,"minecraft:cobblestone":14,"minecraft:bucket":2,"alexsmobs:animal_dictionary":2,"epicfight:uchigatana":9},"minecraft:crafted":{"minecraft:raw_iron":9,"minecraft:furnace":1,"regions_unexplored:kapok_planks":12,"minecraft:bow":1,"minecraft:stone_pickaxe":2,"minecraft:chest":3,"regions_unexplored:palm_planks":40,"minecraft:coal_block":14,"minecraft:crafting_table":4,"minecraft:wooden_pickaxe":2,"epicfight:iron_dagger":1,"goblins_tyranny:hut_torch":3,"epicfight:iron_longsword":1,"minecraft:bucket":1,"minecraft:air":0,"regions_unexplored:eucalyptus_planks":84,"minecraft:shield":2,"minecraft:stick":180,"minecraft:iron_ingot":45,"minecraft:iron_pickaxe":9,"minecraft:wooden_axe":1,"minecraft:iron_block":7,"minecraft:stone_sword":1,"minecraft:gold_ingot":6,"minecraft:iron_leggings":1,"minecraft:torch":368},"minecraft:mined":{"minecraft:tuff":33,"minecraft:mossy_cobblestone":1,"minecraft:lever":1,"gravestone:gravestone":19,"minecraft:grass_block":1,"regions_unexplored:eucalyptus_leaves":2,"minecraft:redstone_wire":2,"regions_unexplored:elephant_ear":3,"regions_unexplored:raw_redstone_block":12,"projectvibrantjourneys:prickly_bush":1,"minecraft:chiseled_stone_bricks":1,"minecraft:raw_iron_block":1,"regions_unexplored:stone_bud":1,"regions_unexplored:pointed_redstone":15,"minecraft:furnace":1,"minecraft:iron_ore":100,"minecraft:sticky_piston":3,"minecraft:fire":2,"minecraft:suspicious_sand":1,"minecraft:deepslate_lapis_ore":9,"minecraft:deepslate_iron_ore":42,"minecraft:vine":2,"minecraft:stone":568,"minecraft:tripwire":5,"minecraft:green_bed":3,"regions_unexplored:redstone_bulb":1,"regions_unexplored:joshua_shrub":1,"minecraft:deepslate_redstone_ore":8,"minecraft:crafting_table":5,"minecraft:torch":3,"minecraft:calcite":1,"regions_unexplored:small_desert_shrub":1,"minecraft:chest":1,"minecraft:copper_ore":9,"minecraft:cobblestone":1,"minecraft:lapis_ore":1,"minecraft:deepslate_gold_ore":21,"minecraft:diorite":17,"minecraft:wall_torch":12,"supplementaries:urn":1,"minecraft:repeater":1,"minecraft:jungle_wood":1,"regions_unexplored:redstone_bud":4,"regions_unexplored:sandy_grass":2,"minecraft:grass":16,"minecraft:coal_ore":363,"regions_unexplored:eucalyptus_log":35,"projectvibrantjourneys:short_grass":8,"regions_unexplored:palm_log":10,"minecraft:gravel":5,"biomesoplenty:stringy_cobweb":1,"minecraft:dispenser":2,"minecraft:gold_ore":4,"minecraft:deepslate":1199,"minecraft:fern":2},"minecraft:killed_by":{"minecraft:husk":12,"minecraft:creeper":4,"minecraft:skeleton":5,"minecraft:zombie":1},"minecraft:custom":{"minecraft:mob_kills":25,"minecraft:interact_with_crafting_table":28,"minecraft:open_barrel":17,"minecraft:leave_game":1,"minecraft:time_since_death":40220,"minecraft:climb_one_cm":27284,"minecraft:sprint_one_cm":1356606,"minecraft:walk_one_cm":2800952,"minecraft:damage_blocked_by_shield":4110,"minecraft:drop":154,"minecraft:talked_to_villager":3,"minecraft:play_time":401743,"minecraft:sneak_time":2457,"minecraft:deaths":23,"minecraft:walk_under_water_one_cm":10921,"minecraft:jump":4208,"minecraft:walk_on_water_one_cm":66735,"minecraft:total_world_time":401743,"minecraft:interact_with_furnace":9,"minecraft:sleep_in_bed":14,"minecraft:time_since_rest":8622,"minecraft:damage_taken":8658,"minecraft:damage_dealt":5840,"minecraft:player_kills":1,"minecraft:swim_one_cm":33428,"minecraft:fly_one_cm":304966,"minecraft:open_chest":45,"minecraft:crouch_one_cm":5902,"minecraft:fall_one_cm":52785,"minecraft:inspect_dispenser":2},"minecraft:dropped":{"minecraft:enchanted_book":4,"minecraft:bread":3,"minecraft:iron_sword":1,"minecraft:wheat_seeds":9,"minecraft:lapis_lazuli":61,"minecraft:diamond":2,"minecraft:iron_helmet":1,"minecraft:cobblestone":165,"minecraft:saddle":1,"projectvibrantjourneys:orange_bark_mushroom":4,"minecraft:coal":25,"minecraft:music_disc_13":1,"minecraft:stick":3,"regions_unexplored:palm_planks":1,"minecraft:iron_block":7,"minecraft:dirt":59,"farmersdelight:golden_knife":1,"regions_unexplored:elephant_ear":8,"minecraft:diorite":17,"minecraft:dispenser":2,"minecraft:repeater":1,"minecraft:wooden_axe":1,"gravestone:obituary":25,"minecraft:wooden_sword":1,"minecraft:sand":1,"minecraft:string":19,"minecraft:music_disc_cat":1,"projectvibrantjourneys:bark_mushroom":1,"minecraft:redstone":42,"minecraft:bone":11,"minecraft:gold_ingot":11,"regions_unexplored:raw_redstone_block":9,"epicfight:uchigatana":1,"minecraft:stone_sword":1,"alexsmobs:animal_dictionary":2,"minecraft:cobbled_deepslate":25,"aquamirae:whisper_of_the_abyss":1,"minecraft:green_bed":1,"minecraft:sticky_piston":3,"minecraft:raw_iron":78,"minecraft:rotten_flesh":13,"minecraft:iron_boots":1,"alexsmobs:ancient_dart":2,"minecraft:name_tag":1,"minecraft:potato":1,"minecraft:gunpowder":5,"regions_unexplored:hibiscus":4,"minecraft:iron_chestplate":1,"minecraft:bamboo":1,"minecraft:iron_ore":53,"minecraft:raw_gold":21,"minecraft:wooden_pickaxe":1,"minecraft:written_book":1,"minecraft:vex_armor_trim_smithing_template":2,"epicfight:skillbook":1,"minecraft:egg":1},"minecraft:picked_up":{"regions_unexplored:pointed_redstone":48,"minecraft:crafting_table":5,"gravestone:obituary":7,"minecraft:string":5,"minecraft:raw_copper":58,"minecraft:wooden_sword":3,"minecraft:sticky_piston":6,"minecraft:cobbled_deepslate":898,"minecraft:written_book":1,"minecraft:melon_slice":11,"minecraft:chest":1,"farmersdelight:golden_knife":1,"minecraft:furnace":1,"minecraft:egg":3,"minecraft:stick":9,"minecraft:raw_iron":141,"regions_unexplored:kapok_planks":6,"regions_unexplored:elephant_ear":9,"projectvibrantjourneys:bark_mushroom":1,"minecraft:torch":21,"minecraft:green_bed":4,"regions_unexplored:raw_redstone_block":31,"minecraft:diorite":17,"minecraft:redstone":128,"regions_unexplored:kapok_log":5,"minecraft:cooked_cod":4,"minecraft:stone_sword":2,"minecraft:arrow":3,"minecraft:rotten_flesh":29,"regions_unexplored:redstone_bulb":6,"aquamirae:whisper_of_the_abyss":1,"minecraft:gold_ingot":6,"supplementaries:ash":1,"minecraft:bone_block":1,"minecraft:cobblestone":637,"minecraft:repeater":2,"regions_unexplored:eucalyptus_log":35,"minecraft:jungle_wood":1,"minecraft:potato":1,"minecraft:flint":2,"minecraft:tuff":25,"minecraft:cobblestone_stairs":2,"minecraft:lapis_lazuli":113,"minecraft:dirt":101,"minecraft:bone":13,"minecraft:wheat_seeds":12,"minecraft:raw_gold":25,"minecraft:iron_ingot":3,"regions_unexplored:eucalyptus_sapling":1,"minecraft:chiseled_stone_bricks":1,"minecraft:raw_iron_block":1,"minecraft:gravel":3,"goblins_tyranny:goblins_tyranny_guide":1,"minecraft:sand":2,"epicfight:uchigatana":1,"regions_unexplored:palm_log":10,"alexsmobs:animal_dictionary":1,"minecraft:mossy_cobblestone":6,"minecraft:dispenser":2,"minecraft:lever":1,"minecraft:bread":43,"projectvibrantjourneys:orange_bark_mushroom":5,"regions_unexplored:hibiscus":4,"minecraft:coal":511,"minecraft:wooden_axe":1}},"DataVersion":3465}