{"stats":{"minecraft:broken":{"minecraft:stone_sword":1,"minecraft:golden_leggings":1,"minecraft:stone_pickaxe":1},"minecraft:crafted":{"minecraft:oak_planks":44,"minecraft:furnace":1,"minecraft:bow":1,"minecraft:stone_pickaxe":1,"minecraft:chest":2,"minecraft:spruce_boat":3,"minecraft:crafting_table":3,"minecraft:spruce_planks":76,"minecraft:wooden_pickaxe":1,"epicfight:iron_dagger":2,"minecraft:bucket":1,"minecraft:bread":4,"minecraft:air":0,"minecraft:iron_chestplate":1,"minecraft:shield":1,"minecraft:stick":52,"minecraft:iron_pickaxe":1,"minecraft:iron_ingot":14,"minecraft:stone_sword":1,"minecraft:torch":160},"minecraft:used":{"minecraft:stone_sword":127,"minecraft:chest":2,"minecraft:spruce_planks":25,"minecraft:shield":139,"minecraft:rotten_flesh":15,"minecraft:torch":168,"minecraft:dirt":10,"minecraft:spyglass":2,"minecraft:carrot":12,"minecraft:spruce_boat":3,"minecraft:lantern":1,"minecraft:iron_axe":16,"epicfight:iron_dagger":278,"minecraft:golden_sword":3,"minecraft:bow":39,"supplementaries:ash":1,"minecraft:sweet_berries":37,"minecraft:furnace":1,"minecraft:cooked_beef":13,"epicfight:skillbook":5,"minecraft:water_bucket":1,"minecraft:stone_pickaxe":126,"minecraft:oak_planks":31,"minecraft:wooden_pickaxe":26,"minecraft:blue_bed":2,"farmersdelight:onion":19,"minecraft:crafting_table":4,"minecraft:spruce_log":4,"minecraft:apple":3,"minecraft:bread":43,"minecraft:iron_pickaxe":137,"minecraft:gravel":1,"minecraft:cobblestone":2,"minecraft:cooked_porkchop":4,"minecraft:cooked_rabbit":1,"minecraft:bucket":1,"minecraft:pumpkin_pie":9,"alexsmobs:animal_dictionary":4},"minecraft:killed_by":{"alexsmobs:cachalot_whale":1,"minecraft:zombie":2,"alexsmobs:grizzly_bear":2},"minecraft:mined":{"minecraft:mossy_cobblestone":1,"minecraft:carved_pumpkin":1,"gravestone:gravestone":9,"minecraft:grass_block":9,"minecraft:spruce_fence":3,"minecraft:decorated_pot":1,"minecraft:spruce_leaves":4,"minecraft:hay_block":1,"minecraft:iron_ore":11,"minecraft:fire":1,"biomesoplenty:violet":1,"minecraft:pumpkin":5,"minecraft:deepslate_iron_ore":3,"minecraft:lantern":1,"minecraft:stone":120,"biomesoplenty:glowworm_silk":1,"minecraft:crafting_table":1,"minecraft:torch":5,"minecraft:rose_bush":3,"supplementaries:wild_flax":2,"minecraft:copper_ore":10,"minecraft:cobblestone":3,"biomesoplenty:sprout":5,"minecraft:lapis_ore":2,"minecraft:oak_planks":8,"minecraft:diorite":1,"minecraft:blue_bed":2,"minecraft:wall_torch":5,"minecraft:spruce_stairs":1,"minecraft:sweet_berry_bush":3,"minecraft:lilac":1,"minecraft:spruce_log":25,"biomesoplenty:maple_leaves":15,"minecraft:grass":5,"minecraft:oak_log":10,"minecraft:coal_ore":124,"projectvibrantjourneys:short_grass":7,"minecraft:gravel":43,"minecraft:dirt":13},"minecraft:picked_up":{"minecraft:crafting_table":1,"friendsandfoes:totem_of_illusion":1,"minecraft:cooked_rabbit":1,"biomesoplenty:violet":1,"minecraft:string":5,"minecraft:raw_copper":36,"bosses_of_mass_destruction:soul_star":1,"minecraft:bucket":1,"minecraft:spruce_planks":1,"minecraft:beef":14,"minecraft:rose_bush":5,"minecraft:stick":8,"minecraft:raw_iron":14,"projectvibrantjourneys:bark_mushroom":1,"minecraft:torch":13,"minecraft:spruce_stairs":1,"minecraft:spruce_fence":3,"epicfight:skillbook":4,"minecraft:porkchop":3,"minecraft:diorite":1,"minecraft:arrow":23,"minecraft:rotten_flesh":51,"farmersdelight:onion":11,"minecraft:decorated_pot":1,"minecraft:pumpkin_pie":9,"minecraft:hay_block":1,"projectvibrantjourneys:cattail":3,"supplementaries:ash":5,"minecraft:cobblestone":126,"minecraft:cooked_beef":13,"projectvibrantjourneys:fallen_leaves":1,"minecraft:leather":7,"minecraft:flint":3,"minecraft:oak_log":12,"minecraft:lily_pad":3,"supplementaries:flax_seeds":2,"minecraft:lapis_lazuli":15,"minecraft:blue_bed":2,"minecraft:dirt":34,"minecraft:lantern":1,"minecraft:white_banner":2,"minecraft:bone":11,"minecraft:wheat_seeds":4,"minecraft:iron_ingot":1,"minecraft:oak_planks":26,"projectvibrantjourneys:light_brown_bark_mushroom":1,"minecraft:cooked_porkchop":4,"alexsmobs:fish_bones":1,"minecraft:pumpkin":5,"minecraft:sweet_berries":28,"minecraft:gravel":30,"minecraft:white_bed":1,"minecraft:spruce_log":25,"minecraft:spider_eye":1,"minecraft:mossy_cobblestone":1,"biomesoplenty:maple_sapling":2,"minecraft:emerald":10,"minecraft:bread":29,"minecraft:coal":125},"minecraft:custom":{"minecraft:mob_kills":90,"minecraft:interact_with_crafting_table":22,"minecraft:open_barrel":9,"minecraft:interact_with_campfire":16,"minecraft:bell_ring":1,"minecraft:leave_game":11,"minecraft:time_since_death":0,"minecraft:climb_one_cm":34656,"minecraft:sprint_one_cm":1304655,"minecraft:walk_one_cm":3236798,"minecraft:damage_blocked_by_shield":4060,"minecraft:drop":27,"minecraft:talked_to_villager":8,"minecraft:play_time":436344,"minecraft:deaths":10,"minecraft:sneak_time":3627,"minecraft:walk_under_water_one_cm":98317,"minecraft:boat_one_cm":927162,"minecraft:jump":2747,"minecraft:walk_on_water_one_cm":82204,"minecraft:total_world_time":436344,"minecraft:interact_with_furnace":7,"minecraft:sleep_in_bed":22,"minecraft:time_since_rest":0,"minecraft:damage_taken":8254,"minecraft:damage_dealt":16356,"minecraft:swim_one_cm":293715,"minecraft:fly_one_cm":271294,"minecraft:player_kills":1,"minecraft:open_chest":40,"minecraft:crouch_one_cm":11916,"minecraft:interact_with_smoker":1,"minecraft:fall_one_cm":47947},"minecraft:killed":{"alexsmobs:lobster":1,"minecraft:spider":5,"minecraft:skeleton":10,"minecraft:illusioner":1,"alexsmobs:skelewag":1,"minecraft:pig":1,"alexsmobs:grizzly_bear":1,"minecraft:pillager":12,"minecraft:zombie":45,"minecraft:player":1,"minecraft:cow":8},"minecraft:dropped":{"minecraft:bread":1,"alexsmobs:fish_bones":1,"minecraft:wheat_seeds":1,"minecraft:diamond":1,"biomesoplenty:maple_sapling":2,"minecraft:cookie":1,"minecraft:stick":7,"minecraft:emerald":3,"minecraft:milk_bucket":1,"minecraft:rose_bush":2,"gravestone:obituary":6,"minecraft:pumpkin_pie":1,"minecraft:lily_pad":1,"minecraft:rotten_flesh":4,"minecraft:white_bed":1,"minecraft:carrot":1,"minecraft:golden_sword":1,"projectvibrantjourneys:cattail":2}},"DataVersion":3465}