{"stats":{"minecraft:crafted":{"minecraft:crafting_table":1,"minecraft:spruce_planks":28,"minecraft:stick":12,"minecraft:wooden_pickaxe":1,"minecraft:stone_pickaxe":1,"minecraft:stone_sword":1,"minecraft:torch":28,"minecraft:bread":4},"minecraft:mined":{"minecraft:spruce_stairs":1,"minecraft:spruce_log":7,"minecraft:grass":1,"minecraft:grass_block":4,"minecraft:coal_ore":25,"projectvibrantjourneys:short_grass":1,"minecraft:gravel":1,"supplementaries:wild_flax":1,"minecraft:dirt":2,"minecraft:copper_ore":4,"minecraft:stone":40,"minecraft:wall_torch":1,"minecraft:blue_bed":1},"minecraft:dropped":{"minecraft:rotten_flesh":3,"minecraft:pumpkin_pie":1},"minecraft:used":{"minecraft:stone_sword":37,"minecraft:bread":12,"minecraft:stone_pickaxe":56,"minecraft:wooden_pickaxe":13,"minecraft:blue_bed":1,"minecraft:rotten_flesh":2,"minecraft:torch":7,"minecraft:sweet_berries":15,"minecraft:crafting_table":1,"alexsmobs:animal_dictionary":4,"minecraft:pumpkin_pie":1},"minecraft:custom":{"minecraft:time_since_rest":13927,"minecraft:sprint_one_cm":283039,"minecraft:damage_taken":935,"minecraft:walk_one_cm":1021228,"minecraft:mob_kills":8,"minecraft:drop":4,"minecraft:damage_dealt":2405,"minecraft:interact_with_crafting_table":6,"minecraft:player_kills":1,"minecraft:swim_one_cm":14850,"minecraft:talked_to_villager":8,"minecraft:fly_one_cm":59415,"minecraft:open_chest":4,"minecraft:play_time":133247,"minecraft:crouch_one_cm":5083,"minecraft:sneak_time":1302,"minecraft:walk_under_water_one_cm":10952,"minecraft:jump":428,"minecraft:leave_game":4,"minecraft:time_since_death":133247,"minecraft:walk_on_water_one_cm":6487,"minecraft:sleep_in_bed":6,"minecraft:climb_one_cm":2573,"minecraft:total_world_time":133247,"minecraft:fall_one_cm":4328},"minecraft:killed":{"minecraft:skeleton":1,"alexsmobs:lobster":1,"minecraft:pig":1,"minecraft:zombie":3,"minecraft:spider":1,"minecraft:player":1},"minecraft:picked_up":{"minecraft:sweet_berries":28,"minecraft:torch":1,"minecraft:spruce_stairs":1,"epicfight:skillbook":1,"minecraft:porkchop":3,"supplementaries:flax_seeds":1,"minecraft:spruce_log":7,"minecraft:blue_bed":1,"minecraft:dirt":6,"minecraft:raw_copper":13,"minecraft:arrow":1,"minecraft:bone":4,"minecraft:rotten_flesh":6,"minecraft:pumpkin_pie":1,"minecraft:wheat_seeds":1,"supplementaries:ash":2,"minecraft:coal":25,"minecraft:cobblestone":40}},"DataVersion":3465}