{"stats":{"minecraft:used":{"minecraft:bone_block":1,"minecraft:chest":6,"minecraft:shield":152,"minecraft:iron_sword":73,"minecraft:rotten_flesh":5,"epicfight:iron_dagger":224,"minecraft:bow":50,"minecraft:written_book":1,"minecraft:furnace":2,"minecraft:cooked_cod":4,"minecraft:egg":2,"minecraft:potato":1,"goblins_tyranny:goblins_tyranny_guide":1,"epicfight:skillbook":7,"minecraft:stone_pickaxe":157,"minecraft:wooden_pickaxe":83,"epicfight:iron_longsword":33,"burnt:hot_spring_water_bucket":1,"minecraft:golden_apple":1,"minecraft:melon_slice":25,"minecraft:bread":104,"minecraft:wooden_sword":2,"supplementaries:bamboo_spikes":1,"minecraft:stone_sword":41,"minecraft:carved_pumpkin":1,"minecraft:torch":535,"minecraft:brewing_stand":1,"regions_unexplored:eucalyptus_log":14,"minecraft:iron_hoe":1,"minecraft:wooden_axe":51,"minecraft:cooked_beef":12,"minecraft:cooked_mutton":12,"minecraft:water_bucket":2,"minecraft:baked_potato":1,"farmersdelight:golden_knife":57,"minecraft:green_bed":8,"goblins_tyranny:hut_torch":3,"minecraft:crafting_table":11,"epicfight:netherite_dagger":75,"minecraft:iron_pickaxe":2481,"minecraft:cobblestone":18,"minecraft:cooked_porkchop":2,"minecraft:bucket":3,"alexsmobs:animal_dictionary":5,"epicfight:uchigatana":10},"minecraft:killed":{"minecraft:spider":3,"minecraft:zombie_horse":2,"minecraft:skeleton":24,"minecraft:wolf":1,"alexsmobs:anteater":1,"minecraft:creeper":1,"minecraft:sheep":6,"minecraft:pillager":6,"minecraft:zombie":42,"alexsmobs:fly":1,"minecraft:cow":4,"minecraft:vindicator":1,"alexsmobs:skreecher":1,"minecraft:husk":5,"alexsmobs:emu":1,"alexsmobs:crow":1,"minecraft:player":1},"minecraft:broken":{"minecraft:stone_pickaxe":1,"minecraft:shield":3,"minecraft:iron_pickaxe":9},"minecraft:custom":{"minecraft:interact_with_crafting_table":34,"minecraft:open_barrel":44,"minecraft:bell_ring":1,"minecraft:leave_game":3,"minecraft:time_since_death":133579,"minecraft:sprint_one_cm":2591057,"minecraft:damage_blocked_by_shield":9728,"minecraft:drop":232,"minecraft:talked_to_villager":8,"minecraft:play_time":730941,"minecraft:deaths":45,"minecraft:jump":8665,"minecraft:interact_with_brewingstand":1,"minecraft:walk_on_water_one_cm":66735,"minecraft:interact_with_furnace":12,"minecraft:interact_with_loom":1,"minecraft:sleep_in_bed":35,"minecraft:damage_dealt":18233,"minecraft:player_kills":1,"minecraft:crouch_one_cm":20770,"minecraft:inspect_dispenser":2,"minecraft:mob_kills":104,"minecraft:climb_one_cm":123290,"minecraft:walk_one_cm":5422426,"minecraft:sneak_time":5910,"minecraft:walk_under_water_one_cm":10921,"minecraft:interact_with_blast_furnace":1,"minecraft:total_world_time":730941,"minecraft:interact_with_grindstone":1,"minecraft:time_since_rest":41387,"minecraft:damage_taken":18771,"minecraft:damage_absorbed":40,"minecraft:swim_one_cm":33428,"minecraft:fly_one_cm":648659,"minecraft:open_chest":126,"minecraft:fall_one_cm":120260},"minecraft:crafted":{"regions_unexplored:kapok_planks":12,"minecraft:bow":1,"minecraft:chest":5,"regions_unexplored:palm_planks":40,"minecraft:crafting_table":5,"minecraft:wooden_pickaxe":2,"goblins_tyranny:hut_torch":3,"epicfight:iron_longsword":1,"minecraft:shield":4,"minecraft:stick":180,"minecraft:iron_ingot":45,"minecraft:iron_pickaxe":9,"minecraft:iron_block":7,"minecraft:stone_sword":1,"minecraft:gold_ingot":6,"minecraft:raw_iron":9,"minecraft:furnace":1,"minecraft:stone_pickaxe":2,"minecraft:wheat":36,"minecraft:cooked_beef":3,"minecraft:coal_block":14,"epicfight:iron_dagger":2,"minecraft:bucket":1,"minecraft:bread":12,"minecraft:air":0,"regions_unexplored:eucalyptus_planks":84,"minecraft:wooden_axe":1,"minecraft:iron_leggings":1,"minecraft:torch":464},"minecraft:picked_up":{"minecraft:wooden_axe":1,"minecraft:wheat":1,"minecraft:brewing_stand":1,"regions_unexplored:magnolia_shrub":1,"minecraft:string":11,"minecraft:raw_copper":58,"minecraft:sticky_piston":6,"alexsmobs:banana":1,"minecraft:cobbled_deepslate":898,"bosses_of_mass_destruction:soul_star":1,"minecraft:written_book":1,"minecraft:iron_pickaxe":1,"minecraft:melon_slice":43,"minecraft:furnace":1,"minecraft:stick":35,"regions_unexplored:kapok_planks":7,"regions_unexplored:elephant_ear":9,"minecraft:oak_fence":1,"minecraft:torch":97,"minecraft:green_bed":9,"epicfight:skillbook":2,"regions_unexplored:raw_redstone_block":31,"minecraft:diorite":17,"minecraft:stone_sword":2,"minecraft:rotten_flesh":62,"minecraft:carved_pumpkin":1,"aquamirae:whisper_of_the_abyss":1,"alexsmobs:emu_egg":1,"supplementaries:ash":1,"supplementaries:quiver":1,"minecraft:cobblestone":686,"minecraft:cooked_beef":9,"minecraft:feather":1,"minecraft:repeater":2,"minecraft:jungle_wood":1,"minecraft:potato":3,"minecraft:flint":2,"minecraft:tuff":25,"supplementaries:flax_seeds":2,"minecraft:lapis_lazuli":113,"minecraft:dirt":129,"minecraft:bone":28,"minecraft:bow":2,"minecraft:wheat_seeds":20,"minecraft:raw_gold":25,"minecraft:cooked_porkchop":2,"minecraft:jungle_planks":68,"minecraft:sand":2,"regions_unexplored:palm_log":10,"alexsmobs:animal_dictionary":1,"minecraft:mossy_cobblestone":6,"minecraft:iron_hoe":1,"minecraft:dispenser":2,"minecraft:lever":1,"minecraft:bread":59,"minecraft:emerald":14,"alexsmobs:maggot":2,"minecraft:dark_oak_fence":2,"minecraft:cocoa_beans":2,"minecraft:crafting_table":7,"gravestone:obituary":9,"minecraft:wooden_sword":3,"minecraft:cracked_stone_bricks":2,"minecraft:beef":9,"farmersdelight:straw":7,"minecraft:jungle_sapling":1,"minecraft:chest":1,"farmersdelight:golden_knife":2,"minecraft:egg":3,"minecraft:raw_iron":206,"regions_unexplored:day_lily":2,"regions_unexplored:ash_vent":1,"projectvibrantjourneys:bark_mushroom":1,"minecraft:copper_ingot":2,"minecraft:carrot":12,"minecraft:redstone":129,"regions_unexplored:kapok_log":5,"minecraft:cooked_cod":4,"minecraft:arrow":16,"regions_unexplored:redstone_bulb":6,"minecraft:hay_block":4,"burnt:hot_spring_water_bucket":1,"minecraft:gold_ingot":6,"minecraft:mutton":12,"minecraft:white_wool":6,"minecraft:bone_block":1,"farmersdelight:rich_soil":3,"minecraft:air":3,"regions_unexplored:eucalyptus_log":35,"minecraft:leather":1,"alexsmobs:skreecher_soul":1,"minecraft:golden_boots":1,"minecraft:gunpowder":2,"minecraft:cobblestone_stairs":2,"minecraft:cooked_mutton":12,"minecraft:iron_ingot":31,"regions_unexplored:eucalyptus_sapling":1,"minecraft:sweet_berries":4,"minecraft:chiseled_stone_bricks":1,"minecraft:raw_iron_block":1,"minecraft:gravel":3,"goblins_tyranny:goblins_tyranny_guide":1,"epicfight:uchigatana":1,"minecraft:leather_helmet":1,"projectvibrantjourneys:orange_bark_mushroom":5,"minecraft:coal":738,"regions_unexplored:pointed_redstone":48,"regions_unexplored:hibiscus":4},"minecraft:dropped":{"minecraft:iron_sword":1,"minecraft:lapis_lazuli":61,"minecraft:diamond":2,"minecraft:jungle_planks":38,"minecraft:iron_horse_armor":1,"minecraft:saddle":2,"projectvibrantjourneys:orange_bark_mushroom":4,"minecraft:leather_helmet":1,"minecraft:music_disc_13":1,"minecraft:emerald":8,"regions_unexplored:palm_planks":1,"minecraft:dirt":59,"regions_unexplored:elephant_ear":8,"minecraft:dispenser":2,"minecraft:dark_oak_fence":2,"minecraft:mutton":12,"minecraft:jungle_sapling":1,"gravestone:obituary":31,"farmersdelight:onion":6,"minecraft:wooden_sword":1,"minecraft:sand":1,"minecraft:iron_pickaxe":1,"minecraft:white_wool":6,"projectvibrantjourneys:bark_mushroom":1,"minecraft:gold_ingot":11,"minecraft:bone":13,"regions_unexplored:raw_redstone_block":9,"alexsmobs:animal_dictionary":2,"minecraft:cobbled_deepslate":25,"minecraft:rotten_flesh":35,"alexsmobs:emu_egg":1,"minecraft:carrot":1,"minecraft:chainmail_chestplate":1,"minecraft:gunpowder":17,"minecraft:iron_ore":53,"minecraft:beef":9,"alexsmobs:banana":1,"minecraft:written_book":1,"minecraft:egg":1,"farmersdelight:tomato_seeds":12,"minecraft:enchanted_book":4,"minecraft:golden_boots":1,"minecraft:bread":3,"minecraft:wheat_seeds":16,"minecraft:iron_helmet":2,"minecraft:cobblestone":181,"regions_unexplored:day_lily":1,"minecraft:coal":25,"minecraft:stick":3,"minecraft:iron_block":7,"farmersdelight:golden_knife":2,"minecraft:diorite":17,"regions_unexplored:magnolia_shrub":1,"minecraft:repeater":1,"minecraft:wooden_axe":1,"minecraft:melon_slice":14,"minecraft:iron_leggings":1,"minecraft:string":19,"farmersdelight:rich_soil":3,"minecraft:music_disc_cat":1,"minecraft:redstone":43,"epicfight:uchigatana":1,"minecraft:stone_sword":1,"minecraft:cocoa_beans":2,"aquamirae:whisper_of_the_abyss":1,"minecraft:green_bed":3,"minecraft:sticky_piston":3,"minecraft:raw_iron":78,"minecraft:iron_boots":2,"burnt:hot_spring_water_bucket":1,"alexsmobs:ancient_dart":2,"minecraft:name_tag":1,"minecraft:potato":10,"regions_unexplored:hibiscus":4,"minecraft:iron_chestplate":1,"minecraft:bamboo":1,"minecraft:bow":1,"minecraft:wooden_pickaxe":1,"minecraft:raw_gold":21,"minecraft:vex_armor_trim_smithing_template":2,"epicfight:skillbook":2},"minecraft:killed_by":{"minecraft:creeper":5,"minecraft:vindicator":1,"minecraft:zombie":1,"minecraft:husk":22,"minecraft:spider":1,"minecraft:skeleton":11},"minecraft:mined":{"farmersdelight:rich_soil":3,"minecraft:jungle_leaves":15,"minecraft:brewing_stand":1,"minecraft:grass_block":11,"regions_unexplored:eucalyptus_leaves":2,"regions_unexplored:elephant_ear":3,"minecraft:chiseled_stone_bricks":1,"projectvibrantjourneys:prickly_bush":1,"minecraft:raw_iron_block":1,"regions_unexplored:stone_bud":1,"regions_unexplored:pointed_redstone":15,"minecraft:iron_ore":165,"minecraft:sticky_piston":3,"minecraft:fire":2,"minecraft:deepslate_lapis_ore":9,"minecraft:sculk_shrieker":1,"minecraft:tripwire":5,"minecraft:green_bed":7,"regions_unexplored:joshua_shrub":1,"minecraft:deepslate_redstone_ore":8,"minecraft:torch":8,"projectvibrantjourneys:twigs":1,"minecraft:calcite":1,"minecraft:melon":2,"regions_unexplored:small_desert_shrub":1,"minecraft:chest":1,"minecraft:cobblestone":1,"minecraft:wall_torch":17,"minecraft:repeater":1,"minecraft:jungle_wood":1,"projectvibrantjourneys:bones":1,"minecraft:grass":43,"regions_unexplored:eucalyptus_log":35,"projectvibrantjourneys:short_grass":22,"minecraft:dispenser":2,"minecraft:deepslate":1199,"minecraft:tuff":33,"minecraft:mossy_cobblestone":1,"minecraft:lever":1,"gravestone:gravestone":32,"minecraft:dark_oak_fence":2,"minecraft:redstone_wire":2,"regions_unexplored:raw_redstone_block":12,"minecraft:large_fern":2,"minecraft:hay_block":4,"minecraft:furnace":1,"minecraft:carrots":3,"supplementaries:bamboo_spikes":1,"minecraft:suspicious_sand":1,"minecraft:deepslate_iron_ore":42,"minecraft:vine":2,"regions_unexplored:ash_vent":1,"regions_unexplored:medium_grass":17,"minecraft:stone":600,"regions_unexplored:day_lily":2,"regions_unexplored:redstone_bulb":1,"minecraft:crafting_table":7,"minecraft:emerald_ore":12,"minecraft:copper_ore":9,"biomesoplenty:sprout":1,"minecraft:lapis_ore":1,"minecraft:deepslate_gold_ore":21,"minecraft:diorite":17,"supplementaries:urn":2,"regions_unexplored:redstone_bud":4,"regions_unexplored:sandy_grass":2,"minecraft:coal_ore":537,"regions_unexplored:magnolia_shrub":1,"regions_unexplored:palm_log":10,"minecraft:gravel":5,"biomesoplenty:stringy_cobweb":1,"minecraft:cracked_stone_bricks":2,"minecraft:gold_ore":4,"minecraft:fern":7}},"DataVersion":3465}