{"stats":{"minecraft:custom":{"minecraft:mob_kills":50,"minecraft:interact_with_crafting_table":18,"minecraft:open_barrel":9,"minecraft:interact_with_campfire":16,"minecraft:bell_ring":1,"minecraft:leave_game":8,"minecraft:time_since_death":8303,"minecraft:climb_one_cm":34656,"minecraft:sprint_one_cm":1072452,"minecraft:walk_one_cm":2704175,"minecraft:damage_blocked_by_shield":1805,"minecraft:drop":25,"minecraft:talked_to_villager":8,"minecraft:play_time":385509,"minecraft:deaths":7,"minecraft:sneak_time":3358,"minecraft:walk_under_water_one_cm":98317,"minecraft:boat_one_cm":927162,"minecraft:jump":2231,"minecraft:walk_on_water_one_cm":82204,"minecraft:total_world_time":385509,"minecraft:interact_with_furnace":7,"minecraft:sleep_in_bed":18,"minecraft:time_since_rest":2701,"minecraft:damage_taken":5809,"minecraft:damage_dealt":10463,"minecraft:swim_one_cm":293715,"minecraft:fly_one_cm":231932,"minecraft:player_kills":1,"minecraft:open_chest":38,"minecraft:crouch_one_cm":10583,"minecraft:interact_with_smoker":1,"minecraft:fall_one_cm":39512},"minecraft:crafted":{"minecraft:oak_planks":44,"minecraft:furnace":1,"minecraft:bow":1,"minecraft:stone_pickaxe":1,"minecraft:spruce_boat":3,"minecraft:crafting_table":3,"minecraft:spruce_planks":76,"minecraft:wooden_pickaxe":1,"epicfight:iron_dagger":2,"minecraft:bucket":1,"minecraft:bread":4,"minecraft:air":0,"minecraft:iron_chestplate":1,"minecraft:shield":1,"minecraft:stick":40,"minecraft:iron_pickaxe":1,"minecraft:iron_ingot":14,"minecraft:stone_sword":1,"minecraft:torch":112},"minecraft:dropped":{"minecraft:bread":1,"alexsmobs:fish_bones":1,"minecraft:wheat_seeds":1,"minecraft:diamond":1,"minecraft:cookie":1,"biomesoplenty:maple_sapling":2,"minecraft:stick":7,"minecraft:emerald":3,"minecraft:milk_bucket":1,"minecraft:rose_bush":2,"gravestone:obituary":4,"minecraft:pumpkin_pie":1,"minecraft:lily_pad":1,"minecraft:rotten_flesh":4,"minecraft:white_bed":1,"minecraft:carrot":1,"minecraft:golden_sword":1,"projectvibrantjourneys:cattail":2},"minecraft:used":{"minecraft:stone_sword":127,"minecraft:spruce_planks":25,"minecraft:shield":58,"minecraft:rotten_flesh":13,"minecraft:torch":108,"minecraft:carrot":12,"minecraft:spruce_boat":3,"minecraft:lantern":1,"minecraft:iron_axe":6,"epicfight:iron_dagger":131,"minecraft:golden_sword":3,"minecraft:bow":25,"supplementaries:ash":1,"minecraft:sweet_berries":37,"minecraft:furnace":1,"minecraft:cooked_beef":13,"epicfight:skillbook":5,"minecraft:water_bucket":1,"minecraft:stone_pickaxe":126,"minecraft:oak_planks":31,"minecraft:wooden_pickaxe":26,"minecraft:blue_bed":2,"minecraft:crafting_table":3,"minecraft:spruce_log":4,"minecraft:bread":27,"minecraft:iron_pickaxe":57,"minecraft:gravel":1,"minecraft:cobblestone":2,"minecraft:cooked_porkchop":4,"minecraft:cooked_rabbit":1,"minecraft:bucket":1,"minecraft:pumpkin_pie":5,"alexsmobs:animal_dictionary":4},"minecraft:killed":{"alexsmobs:lobster":1,"minecraft:spider":4,"minecraft:skeleton":5,"alexsmobs:skelewag":1,"minecraft:pig":1,"alexsmobs:grizzly_bear":1,"minecraft:pillager":11,"minecraft:zombie":16,"minecraft:player":1,"minecraft:cow":7},"minecraft:broken":{"minecraft:stone_sword":1,"minecraft:stone_pickaxe":1},"minecraft:mined":{"minecraft:mossy_cobblestone":1,"gravestone:gravestone":7,"minecraft:grass_block":4,"minecraft:decorated_pot":1,"minecraft:spruce_leaves":4,"minecraft:iron_ore":11,"minecraft:fire":1,"biomesoplenty:violet":1,"minecraft:pumpkin":5,"minecraft:deepslate_iron_ore":3,"minecraft:lantern":1,"minecraft:stone":74,"biomesoplenty:glowworm_silk":1,"minecraft:crafting_table":1,"minecraft:torch":5,"minecraft:rose_bush":3,"supplementaries:wild_flax":2,"minecraft:copper_ore":4,"minecraft:cobblestone":3,"biomesoplenty:sprout":5,"minecraft:lapis_ore":2,"minecraft:oak_planks":8,"minecraft:diorite":1,"minecraft:blue_bed":2,"minecraft:wall_torch":5,"minecraft:spruce_stairs":1,"minecraft:sweet_berry_bush":3,"minecraft:lilac":1,"minecraft:spruce_log":25,"biomesoplenty:maple_leaves":15,"minecraft:grass":5,"minecraft:oak_log":10,"minecraft:coal_ore":99,"projectvibrantjourneys:short_grass":6,"minecraft:gravel":41,"minecraft:dirt":3},"minecraft:picked_up":{"minecraft:crafting_table":1,"minecraft:cooked_rabbit":1,"biomesoplenty:violet":1,"minecraft:string":3,"minecraft:raw_copper":13,"minecraft:bucket":1,"minecraft:spruce_planks":1,"minecraft:beef":13,"minecraft:rose_bush":5,"minecraft:raw_iron":14,"minecraft:stick":7,"projectvibrantjourneys:bark_mushroom":1,"minecraft:torch":11,"minecraft:spruce_stairs":1,"epicfight:skillbook":3,"minecraft:porkchop":3,"minecraft:diorite":1,"minecraft:arrow":21,"minecraft:rotten_flesh":19,"minecraft:decorated_pot":1,"minecraft:pumpkin_pie":5,"projectvibrantjourneys:cattail":3,"supplementaries:ash":3,"minecraft:cobblestone":77,"minecraft:cooked_beef":13,"minecraft:leather":7,"minecraft:flint":3,"minecraft:oak_log":12,"minecraft:lily_pad":3,"supplementaries:flax_seeds":2,"minecraft:lapis_lazuli":15,"minecraft:blue_bed":2,"minecraft:dirt":18,"minecraft:lantern":1,"minecraft:white_banner":2,"minecraft:bone":6,"minecraft:wheat_seeds":2,"minecraft:oak_planks":26,"projectvibrantjourneys:light_brown_bark_mushroom":1,"minecraft:cooked_porkchop":4,"alexsmobs:fish_bones":1,"minecraft:pumpkin":5,"minecraft:sweet_berries":28,"minecraft:gravel":27,"minecraft:white_bed":1,"minecraft:spruce_log":25,"minecraft:spider_eye":1,"minecraft:mossy_cobblestone":1,"biomesoplenty:maple_sapling":2,"minecraft:emerald":8,"minecraft:bread":9,"minecraft:coal":99},"minecraft:killed_by":{"alexsmobs:cachalot_whale":1,"alexsmobs:grizzly_bear":2}},"DataVersion":3465}