{"stats":{"minecraft:crafted":{"minecraft:crafting_table":1,"minecraft:spruce_planks":28},"minecraft:mined":{"minecraft:spruce_stairs":1,"minecraft:spruce_log":7},"minecraft:dropped":{"minecraft:pumpkin_pie":1},"minecraft:used":{"minecraft:crafting_table":1,"minecraft:bread":1,"alexsmobs:animal_dictionary":4},"minecraft:custom":{"minecraft:time_since_rest":15884,"minecraft:open_chest":4,"minecraft:crouch_one_cm":1092,"minecraft:play_time":17756,"minecraft:sprint_one_cm":27616,"minecraft:damage_taken":50,"minecraft:walk_one_cm":146465,"minecraft:sneak_time":235,"minecraft:drop":1,"minecraft:jump":59,"minecraft:time_since_death":17756,"minecraft:sleep_in_bed":1,"minecraft:total_world_time":17756,"minecraft:climb_one_cm":527,"minecraft:interact_with_crafting_table":1,"minecraft:talked_to_villager":1,"minecraft:fall_one_cm":1731,"minecraft:fly_one_cm":7678},"minecraft:picked_up":{"minecraft:rotten_flesh":2,"minecraft:pumpkin_pie":1,"minecraft:spruce_stairs":1,"minecraft:spruce_log":7,"supplementaries:ash":1}},"DataVersion":3465}