{"stats":{"minecraft:killed":{"alexsmobs:lobster":1,"minecraft:pig":1,"minecraft:spider":4,"minecraft:skeleton":5,"minecraft:pillager":2,"minecraft:zombie":16,"alexsmobs:skelewag":1,"minecraft:player":1,"minecraft:cow":7},"minecraft:broken":{"minecraft:stone_pickaxe":1},"minecraft:mined":{"biomesoplenty:glowworm_silk":1,"minecraft:torch":5,"gravestone:gravestone":1,"minecraft:grass_block":4,"minecraft:rose_bush":2,"supplementaries:wild_flax":2,"minecraft:copper_ore":4,"minecraft:spruce_leaves":1,"biomesoplenty:sprout":1,"minecraft:lapis_ore":2,"minecraft:diorite":1,"minecraft:blue_bed":1,"minecraft:wall_torch":5,"minecraft:spruce_stairs":1,"minecraft:iron_ore":11,"minecraft:sweet_berry_bush":3,"minecraft:spruce_log":20,"minecraft:pumpkin":5,"minecraft:grass":4,"minecraft:coal_ore":99,"projectvibrantjourneys:short_grass":4,"minecraft:deepslate_iron_ore":3,"minecraft:gravel":41,"minecraft:dirt":2,"minecraft:stone":74},"minecraft:custom":{"minecraft:interact_with_furnace":7,"minecraft:mob_kills":39,"minecraft:interact_with_crafting_table":15,"minecraft:interact_with_campfire":16,"minecraft:leave_game":5,"minecraft:time_since_death":35271,"minecraft:sleep_in_bed":8,"minecraft:climb_one_cm":3590,"minecraft:time_since_rest":11667,"minecraft:sprint_one_cm":495032,"minecraft:damage_taken":2849,"minecraft:walk_one_cm":1846214,"minecraft:damage_blocked_by_shield":620,"minecraft:drop":6,"minecraft:damage_dealt":7456,"minecraft:player_kills":1,"minecraft:swim_one_cm":81311,"minecraft:talked_to_villager":8,"minecraft:fly_one_cm":131984,"minecraft:open_chest":6,"minecraft:crouch_one_cm":6563,"minecraft:play_time":250922,"minecraft:deaths":1,"minecraft:sneak_time":1758,"minecraft:walk_under_water_one_cm":30285,"minecraft:boat_one_cm":100258,"minecraft:jump":1344,"minecraft:walk_on_water_one_cm":28664,"minecraft:total_world_time":250922,"minecraft:fall_one_cm":13753},"minecraft:picked_up":{"minecraft:cooked_beef":13,"minecraft:leather":7,"minecraft:flint":3,"supplementaries:flax_seeds":2,"minecraft:blue_bed":1,"minecraft:lapis_lazuli":15,"minecraft:dirt":6,"minecraft:string":3,"minecraft:raw_copper":13,"minecraft:bone":6,"minecraft:wheat_seeds":1,"minecraft:beef":13,"minecraft:rose_bush":1,"projectvibrantjourneys:light_brown_bark_mushroom":1,"minecraft:raw_iron":14,"minecraft:cooked_porkchop":3,"alexsmobs:fish_bones":1,"minecraft:pumpkin":5,"minecraft:sweet_berries":28,"projectvibrantjourneys:bark_mushroom":1,"minecraft:torch":11,"minecraft:gravel":27,"minecraft:spruce_stairs":1,"epicfight:skillbook":3,"minecraft:porkchop":3,"minecraft:diorite":1,"minecraft:spruce_log":20,"minecraft:spider_eye":1,"minecraft:arrow":8,"minecraft:rotten_flesh":18,"minecraft:pumpkin_pie":1,"supplementaries:ash":2,"minecraft:coal":99,"minecraft:cobblestone":74},"minecraft:crafted":{"minecraft:crafting_table":2,"minecraft:spruce_planks":64,"minecraft:wooden_pickaxe":1,"minecraft:furnace":1,"epicfight:iron_dagger":2,"minecraft:bread":4,"minecraft:air":0,"minecraft:bow":1,"minecraft:iron_chestplate":1,"minecraft:shield":1,"minecraft:stick":40,"minecraft:iron_ingot":14,"minecraft:iron_pickaxe":1,"minecraft:stone_pickaxe":1,"minecraft:stone_sword":1,"minecraft:spruce_boat":1,"minecraft:torch":100},"minecraft:killed_by":{"alexsmobs:cachalot_whale":1},"minecraft:used":{"epicfight:skillbook":4,"minecraft:stone_sword":112,"minecraft:stone_pickaxe":126,"minecraft:wooden_pickaxe":26,"minecraft:shield":19,"minecraft:blue_bed":1,"minecraft:rotten_flesh":13,"minecraft:torch":108,"minecraft:crafting_table":2,"minecraft:spruce_log":4,"minecraft:spruce_boat":1,"minecraft:bread":12,"minecraft:iron_pickaxe":47,"epicfight:iron_dagger":71,"minecraft:gravel":1,"minecraft:cobblestone":2,"minecraft:bow":10,"minecraft:sweet_berries":37,"minecraft:furnace":1,"minecraft:cooked_porkchop":3,"minecraft:pumpkin_pie":1,"alexsmobs:animal_dictionary":4,"minecraft:cooked_beef":7},"minecraft:dropped":{"alexsmobs:fish_bones":1,"minecraft:rotten_flesh":3,"gravestone:obituary":1,"minecraft:pumpkin_pie":1}},"DataVersion":3465}