{"stats":{"minecraft:broken":{"minecraft:stone_sword":1,"minecraft:golden_leggings":1,"minecraft:stone_pickaxe":3,"minecraft:shield":1,"minecraft:iron_pickaxe":3,"epicfight:iron_dagger":1},"minecraft:crafted":{"minecraft:oak_planks":108,"minecraft:furnace":2,"minecraft:bow":1,"minecraft:stone_pickaxe":3,"minecraft:chest":2,"minecraft:spruce_boat":3,"minecraft:crafting_table":4,"minecraft:spruce_planks":76,"minecraft:wooden_pickaxe":1,"epicfight:iron_dagger":2,"minecraft:bucket":1,"minecraft:bread":4,"minecraft:air":0,"minecraft:iron_chestplate":1,"minecraft:shield":2,"minecraft:stick":132,"minecraft:iron_pickaxe":4,"minecraft:iron_ingot":26,"minecraft:stone_sword":1,"minecraft:torch":460},"minecraft:used":{"minecraft:stone_sword":127,"minecraft:chest":2,"minecraft:spruce_planks":25,"minecraft:shield":157,"minecraft:rotten_flesh":15,"minecraft:torch":358,"minecraft:dirt":29,"minecraft:spyglass":2,"minecraft:carrot":12,"minecraft:spruce_boat":3,"minecraft:lantern":1,"minecraft:iron_axe":155,"epicfight:iron_dagger":461,"minecraft:written_book":2,"minecraft:golden_sword":3,"supplementaries:ash":1,"minecraft:bow":41,"minecraft:sweet_berries":37,"minecraft:cooked_cod":3,"minecraft:furnace":3,"minecraft:cooked_beef":13,"epicfight:skillbook":7,"minecraft:water_bucket":1,"minecraft:stone_pickaxe":389,"minecraft:oak_planks":31,"minecraft:wooden_pickaxe":26,"minecraft:blue_bed":2,"farmersdelight:onion":19,"minecraft:crafting_table":8,"minecraft:spruce_log":4,"minecraft:apple":3,"minecraft:bread":75,"minecraft:iron_pickaxe":776,"minecraft:gravel":1,"minecraft:cobblestone":9,"minecraft:cooked_porkchop":4,"minecraft:cooked_rabbit":1,"minecraft:bucket":1,"minecraft:pumpkin_pie":9,"alexsmobs:animal_dictionary":4},"minecraft:killed_by":{"alexsmobs:cachalot_whale":1,"minecraft:zombie":2,"alexsmobs:grizzly_bear":2},"minecraft:mined":{"minecraft:tuff":44,"minecraft:mossy_cobblestone":4,"minecraft:carved_pumpkin":1,"minecraft:granite":8,"gravestone:gravestone":10,"minecraft:grass_block":12,"minecraft:spruce_fence":3,"minecraft:decorated_pot":1,"minecraft:coal_block":27,"minecraft:spruce_leaves":4,"minecraft:hay_block":1,"minecraft:furnace":2,"minecraft:iron_ore":16,"minecraft:fire":1,"biomesoplenty:violet":1,"minecraft:pumpkin":5,"minecraft:deepslate_lapis_ore":7,"minecraft:dirt_path":1,"minecraft:deepslate_iron_ore":14,"minecraft:lantern":1,"minecraft:stripped_oak_log":1,"minecraft:stone":348,"minecraft:blackstone":68,"biomesoplenty:glowworm_silk":1,"minecraft:basalt":1,"minecraft:crafting_table":5,"minecraft:torch":9,"minecraft:calcite":49,"minecraft:rose_bush":3,"projectvibrantjourneys:mossy_rocks":1,"supplementaries:wild_flax":2,"projectvibrantjourneys:natural_cobweb":1,"minecraft:copper_ore":10,"minecraft:cobblestone":4,"biomesoplenty:sprout":5,"minecraft:lapis_ore":5,"minecraft:oak_planks":8,"minecraft:diorite":1,"minecraft:blue_bed":2,"minecraft:wall_torch":13,"supplementaries:urn":1,"minecraft:spruce_stairs":1,"minecraft:sweet_berry_bush":3,"minecraft:lilac":1,"minecraft:spruce_log":25,"biomesoplenty:maple_leaves":15,"minecraft:grass":7,"minecraft:oak_log":119,"minecraft:coal_ore":294,"projectvibrantjourneys:short_grass":10,"minecraft:gravel":45,"minecraft:dirt":22,"minecraft:deepslate":268,"minecraft:oak_leaves":2},"minecraft:picked_up":{"minecraft:crafting_table":5,"friendsandfoes:totem_of_illusion":1,"minecraft:cooked_rabbit":1,"biomesoplenty:violet":1,"minecraft:string":7,"minecraft:raw_copper":42,"minecraft:blackstone":64,"minecraft:cobbled_deepslate":256,"bosses_of_mass_destruction:soul_star":1,"minecraft:bucket":1,"minecraft:spruce_planks":1,"minecraft:beef":22,"minecraft:written_book":1,"minecraft:rose_bush":5,"minecraft:calcite":40,"minecraft:coal_block":27,"minecraft:furnace":2,"minecraft:stick":8,"minecraft:raw_iron":30,"projectvibrantjourneys:bark_mushroom":2,"minecraft:torch":32,"minecraft:spruce_stairs":1,"minecraft:spruce_fence":3,"epicfight:skillbook":6,"minecraft:porkchop":3,"minecraft:diorite":1,"minecraft:cooked_cod":12,"minecraft:arrow":28,"minecraft:rotten_flesh":67,"minecraft:decorated_pot":1,"minecraft:pumpkin_pie":9,"farmersdelight:onion":11,"minecraft:hay_block":1,"projectvibrantjourneys:cattail":3,"supplementaries:ash":5,"minecraft:cobblestone":363,"minecraft:stripped_oak_log":1,"minecraft:basalt":1,"minecraft:cooked_beef":13,"projectvibrantjourneys:fallen_leaves":1,"minecraft:leather":7,"alexsmobs:bison_fur":1,"minecraft:flint":3,"minecraft:tuff":42,"minecraft:oak_log":120,"minecraft:lily_pad":3,"supplementaries:flax_seeds":2,"minecraft:lapis_lazuli":89,"minecraft:dirt":45,"minecraft:blue_bed":2,"minecraft:lantern":1,"minecraft:white_banner":3,"minecraft:bone":22,"minecraft:bow":1,"minecraft:wheat_seeds":6,"minecraft:iron_ingot":1,"minecraft:oak_planks":26,"projectvibrantjourneys:light_brown_bark_mushroom":1,"minecraft:cooked_porkchop":4,"alexsmobs:fish_bones":1,"minecraft:pumpkin":5,"minecraft:sweet_berries":28,"minecraft:gravel":46,"minecraft:white_bed":1,"minecraft:spruce_log":25,"minecraft:spider_eye":2,"minecraft:mossy_cobblestone":4,"biomesoplenty:maple_sapling":2,"minecraft:emerald":12,"minecraft:bread":66,"projectvibrantjourneys:orange_bark_mushroom":1,"minecraft:oak_sapling":3,"minecraft:coal":295},"minecraft:custom":{"minecraft:mob_kills":121,"minecraft:interact_with_crafting_table":30,"minecraft:open_barrel":10,"minecraft:interact_with_campfire":16,"minecraft:bell_ring":1,"minecraft:leave_game":11,"minecraft:time_since_death":134152,"minecraft:climb_one_cm":34656,"minecraft:sprint_one_cm":1751551,"minecraft:walk_one_cm":4146247,"minecraft:damage_blocked_by_shield":4830,"minecraft:drop":50,"minecraft:talked_to_villager":8,"minecraft:play_time":570733,"minecraft:deaths":10,"minecraft:sneak_time":4947,"minecraft:walk_under_water_one_cm":98317,"minecraft:boat_one_cm":927162,"minecraft:jump":3952,"minecraft:walk_on_water_one_cm":95195,"minecraft:total_world_time":570733,"minecraft:interact_with_furnace":13,"minecraft:sleep_in_bed":28,"minecraft:time_since_rest":56214,"minecraft:damage_taken":9442,"minecraft:damage_dealt":21993,"minecraft:swim_one_cm":293715,"minecraft:fly_one_cm":337493,"minecraft:player_kills":1,"minecraft:open_chest":53,"minecraft:crouch_one_cm":16895,"minecraft:interact_with_smoker":1,"minecraft:fall_one_cm":59927},"minecraft:killed":{"alexsmobs:lobster":1,"minecraft:spider":7,"minecraft:skeleton":15,"alexsmobs:bison":1,"minecraft:illusioner":1,"alexsmobs:skelewag":1,"minecraft:pig":1,"alexsmobs:grizzly_bear":1,"minecraft:pillager":15,"minecraft:zombie":64,"minecraft:player":1,"minecraft:cow":8},"minecraft:dropped":{"minecraft:bread":3,"alexsmobs:fish_bones":1,"minecraft:wheat_seeds":3,"minecraft:diamond":1,"biomesoplenty:maple_sapling":2,"minecraft:cookie":1,"minecraft:cobblestone":8,"minecraft:iron_horse_armor":1,"minecraft:music_disc_13":1,"minecraft:stick":7,"minecraft:emerald":3,"minecraft:milk_bucket":1,"minecraft:rose_bush":2,"minecraft:cooked_cod":1,"gravestone:obituary":6,"minecraft:pumpkin_pie":1,"minecraft:string":16,"minecraft:lily_pad":1,"minecraft:bone":5,"minecraft:redstone":1,"minecraft:gravel":11,"minecraft:raw_copper":23,"minecraft:wheat":3,"farmersdelight:cabbage_seeds":5,"minecraft:rotten_flesh":4,"minecraft:white_bed":1,"minecraft:carrot":1,"bosses_of_mass_destruction:soul_star":1,"supplementaries:ash":2,"minecraft:gunpowder":25,"minecraft:melon_seeds":4,"minecraft:golden_sword":1,"farmersdelight:rope":16,"minecraft:spider_eye":1,"minecraft:bow":1,"minecraft:beef":1,"projectvibrantjourneys:cattail":2,"epicfight:skillbook":1}},"DataVersion":3465}