{"stats":{"minecraft:broken":{"minecraft:stone_pickaxe":1,"minecraft:shield":1,"minecraft:iron_pickaxe":7},"minecraft:killed":{"minecraft:spider":1,"minecraft:skeleton":7,"minecraft:husk":1,"minecraft:zombie":9,"minecraft:player":1},"minecraft:used":{"minecraft:stone_sword":41,"minecraft:bone_block":1,"minecraft:chest":4,"minecraft:shield":45,"minecraft:iron_sword":53,"minecraft:rotten_flesh":4,"minecraft:torch":300,"regions_unexplored:eucalyptus_log":14,"minecraft:wooden_axe":51,"minecraft:bow":3,"minecraft:furnace":2,"minecraft:egg":2,"minecraft:potato":1,"minecraft:water_bucket":1,"epicfight:skillbook":2,"minecraft:stone_pickaxe":157,"farmersdelight:golden_knife":1,"minecraft:wooden_pickaxe":83,"minecraft:green_bed":3,"minecraft:crafting_table":9,"minecraft:bread":49,"minecraft:melon_slice":7,"minecraft:iron_pickaxe":1935,"minecraft:wooden_sword":2,"minecraft:cobblestone":14,"minecraft:bucket":2,"alexsmobs:animal_dictionary":2,"epicfight:uchigatana":9},"minecraft:crafted":{"minecraft:furnace":1,"regions_unexplored:kapok_planks":12,"minecraft:bow":1,"minecraft:stone_pickaxe":2,"minecraft:chest":3,"regions_unexplored:palm_planks":40,"minecraft:crafting_table":4,"minecraft:wooden_pickaxe":2,"minecraft:bucket":1,"minecraft:air":0,"regions_unexplored:eucalyptus_planks":84,"minecraft:shield":2,"minecraft:stick":180,"minecraft:iron_ingot":45,"minecraft:iron_pickaxe":9,"minecraft:wooden_axe":1,"minecraft:iron_block":7,"minecraft:stone_sword":1,"minecraft:gold_ingot":6,"minecraft:iron_leggings":1,"minecraft:torch":304},"minecraft:mined":{"minecraft:tuff":33,"minecraft:mossy_cobblestone":1,"minecraft:lever":1,"gravestone:gravestone":18,"minecraft:grass_block":1,"regions_unexplored:eucalyptus_leaves":2,"minecraft:redstone_wire":2,"regions_unexplored:elephant_ear":3,"regions_unexplored:raw_redstone_block":10,"minecraft:chiseled_stone_bricks":1,"minecraft:raw_iron_block":1,"regions_unexplored:pointed_redstone":12,"minecraft:furnace":1,"minecraft:iron_ore":59,"minecraft:sticky_piston":3,"minecraft:fire":2,"minecraft:suspicious_sand":1,"minecraft:deepslate_lapis_ore":8,"minecraft:deepslate_iron_ore":32,"minecraft:vine":2,"minecraft:stone":549,"minecraft:tripwire":5,"minecraft:green_bed":3,"regions_unexplored:redstone_bulb":1,"regions_unexplored:joshua_shrub":1,"minecraft:deepslate_redstone_ore":8,"minecraft:crafting_table":5,"minecraft:torch":3,"regions_unexplored:small_desert_shrub":1,"minecraft:chest":1,"minecraft:copper_ore":9,"minecraft:cobblestone":1,"minecraft:deepslate_gold_ore":16,"minecraft:diorite":17,"minecraft:wall_torch":10,"supplementaries:urn":1,"minecraft:repeater":1,"minecraft:jungle_wood":1,"regions_unexplored:redstone_bud":4,"regions_unexplored:sandy_grass":2,"minecraft:grass":16,"minecraft:coal_ore":282,"regions_unexplored:eucalyptus_log":35,"projectvibrantjourneys:short_grass":8,"regions_unexplored:palm_log":10,"minecraft:gravel":5,"biomesoplenty:stringy_cobweb":1,"minecraft:dispenser":2,"minecraft:deepslate":1118,"minecraft:fern":2},"minecraft:killed_by":{"minecraft:husk":12,"minecraft:creeper":3,"minecraft:skeleton":5,"minecraft:zombie":1},"minecraft:custom":{"minecraft:mob_kills":18,"minecraft:interact_with_crafting_table":22,"minecraft:open_barrel":17,"minecraft:leave_game":1,"minecraft:time_since_death":48773,"minecraft:climb_one_cm":22963,"minecraft:sprint_one_cm":1114769,"minecraft:walk_one_cm":2280850,"minecraft:damage_blocked_by_shield":2790,"minecraft:drop":101,"minecraft:talked_to_villager":3,"minecraft:play_time":329743,"minecraft:sneak_time":965,"minecraft:deaths":22,"minecraft:walk_under_water_one_cm":5214,"minecraft:jump":3091,"minecraft:walk_on_water_one_cm":57547,"minecraft:total_world_time":329743,"minecraft:interact_with_furnace":9,"minecraft:sleep_in_bed":11,"minecraft:time_since_rest":48458,"minecraft:damage_taken":7895,"minecraft:damage_dealt":4400,"minecraft:player_kills":1,"minecraft:swim_one_cm":25120,"minecraft:fly_one_cm":240050,"minecraft:open_chest":34,"minecraft:crouch_one_cm":1716,"minecraft:fall_one_cm":36605,"minecraft:inspect_dispenser":2},"minecraft:dropped":{"minecraft:enchanted_book":4,"minecraft:bread":3,"minecraft:iron_sword":1,"minecraft:wheat_seeds":8,"minecraft:diamond":2,"minecraft:iron_helmet":1,"minecraft:cobblestone":165,"minecraft:saddle":1,"projectvibrantjourneys:orange_bark_mushroom":4,"minecraft:music_disc_13":1,"minecraft:stick":3,"regions_unexplored:palm_planks":1,"minecraft:iron_block":7,"minecraft:dirt":34,"farmersdelight:golden_knife":1,"regions_unexplored:elephant_ear":4,"minecraft:diorite":17,"minecraft:dispenser":2,"minecraft:repeater":1,"minecraft:wooden_axe":1,"gravestone:obituary":22,"minecraft:wooden_sword":1,"minecraft:sand":1,"minecraft:music_disc_cat":1,"projectvibrantjourneys:bark_mushroom":1,"minecraft:bone":2,"minecraft:gold_ingot":11,"regions_unexplored:raw_redstone_block":9,"epicfight:uchigatana":1,"minecraft:stone_sword":1,"alexsmobs:animal_dictionary":2,"minecraft:cobbled_deepslate":25,"aquamirae:whisper_of_the_abyss":1,"minecraft:green_bed":1,"minecraft:sticky_piston":3,"minecraft:rotten_flesh":6,"minecraft:iron_boots":1,"alexsmobs:ancient_dart":2,"minecraft:name_tag":1,"minecraft:potato":1,"minecraft:gunpowder":5,"minecraft:iron_chestplate":1,"minecraft:bamboo":1,"minecraft:iron_ore":53,"minecraft:wooden_pickaxe":1,"minecraft:vex_armor_trim_smithing_template":2,"epicfight:skillbook":1,"minecraft:egg":1},"minecraft:picked_up":{"regions_unexplored:pointed_redstone":42,"minecraft:crafting_table":5,"gravestone:obituary":5,"minecraft:string":5,"minecraft:raw_copper":58,"minecraft:wooden_sword":3,"minecraft:sticky_piston":6,"minecraft:cobbled_deepslate":883,"minecraft:written_book":1,"minecraft:melon_slice":11,"minecraft:chest":1,"farmersdelight:golden_knife":1,"minecraft:furnace":1,"minecraft:egg":3,"minecraft:stick":8,"minecraft:raw_iron":91,"regions_unexplored:kapok_planks":6,"regions_unexplored:elephant_ear":5,"projectvibrantjourneys:bark_mushroom":1,"minecraft:torch":18,"minecraft:green_bed":3,"regions_unexplored:raw_redstone_block":28,"minecraft:diorite":17,"minecraft:redstone":126,"regions_unexplored:kapok_log":5,"minecraft:stone_sword":2,"minecraft:arrow":3,"minecraft:rotten_flesh":18,"regions_unexplored:redstone_bulb":6,"aquamirae:whisper_of_the_abyss":1,"minecraft:gold_ingot":6,"supplementaries:ash":1,"minecraft:bone_block":1,"minecraft:cobblestone":618,"minecraft:repeater":2,"regions_unexplored:eucalyptus_log":35,"minecraft:jungle_wood":1,"minecraft:potato":1,"minecraft:flint":2,"minecraft:tuff":25,"minecraft:cobblestone_stairs":2,"minecraft:lapis_lazuli":52,"minecraft:dirt":76,"minecraft:bone":12,"minecraft:wheat_seeds":11,"minecraft:raw_gold":16,"regions_unexplored:eucalyptus_sapling":1,"minecraft:chiseled_stone_bricks":1,"minecraft:raw_iron_block":1,"minecraft:gravel":3,"minecraft:sand":2,"epicfight:uchigatana":1,"regions_unexplored:palm_log":10,"alexsmobs:animal_dictionary":1,"minecraft:mossy_cobblestone":6,"minecraft:dispenser":2,"minecraft:lever":1,"minecraft:bread":33,"projectvibrantjourneys:orange_bark_mushroom":5,"minecraft:coal":420,"minecraft:wooden_axe":1}},"DataVersion":3465}