{"stats":{"minecraft:crafted":{"minecraft:crafting_table":1,"minecraft:spruce_planks":28,"minecraft:stick":8,"minecraft:wooden_pickaxe":1,"minecraft:stone_pickaxe":1,"minecraft:stone_sword":1,"minecraft:bread":4},"minecraft:mined":{"minecraft:spruce_stairs":1,"minecraft:spruce_log":7,"minecraft:grass":1,"minecraft:grass_block":3,"projectvibrantjourneys:short_grass":1,"supplementaries:wild_flax":1,"minecraft:dirt":2,"minecraft:stone":31,"minecraft:blue_bed":1},"minecraft:dropped":{"minecraft:rotten_flesh":3,"minecraft:pumpkin_pie":1},"minecraft:used":{"minecraft:stone_sword":27,"minecraft:bread":12,"minecraft:stone_pickaxe":18,"minecraft:wooden_pickaxe":13,"minecraft:blue_bed":1,"minecraft:rotten_flesh":2,"minecraft:crafting_table":1,"alexsmobs:animal_dictionary":4,"minecraft:pumpkin_pie":1},"minecraft:custom":{"minecraft:time_since_rest":1927,"minecraft:sprint_one_cm":265732,"minecraft:damage_taken":880,"minecraft:walk_one_cm":840513,"minecraft:mob_kills":5,"minecraft:drop":4,"minecraft:damage_dealt":1956,"minecraft:interact_with_crafting_table":6,"minecraft:player_kills":1,"minecraft:swim_one_cm":14850,"minecraft:talked_to_villager":8,"minecraft:fly_one_cm":50711,"minecraft:open_chest":4,"minecraft:play_time":121247,"minecraft:crouch_one_cm":5083,"minecraft:sneak_time":1302,"minecraft:walk_under_water_one_cm":10952,"minecraft:jump":304,"minecraft:leave_game":4,"minecraft:time_since_death":121247,"minecraft:walk_on_water_one_cm":6487,"minecraft:sleep_in_bed":6,"minecraft:climb_one_cm":2573,"minecraft:total_world_time":121247,"minecraft:fall_one_cm":2743},"minecraft:killed":{"alexsmobs:lobster":1,"minecraft:zombie":2,"minecraft:spider":1,"minecraft:player":1},"minecraft:picked_up":{"minecraft:spruce_stairs":1,"supplementaries:flax_seeds":1,"minecraft:spruce_log":7,"minecraft:blue_bed":1,"minecraft:dirt":5,"minecraft:bone":2,"minecraft:rotten_flesh":5,"minecraft:pumpkin_pie":1,"minecraft:wheat_seeds":1,"supplementaries:ash":2,"minecraft:cobblestone":31}},"DataVersion":3465}