{"stats":{"minecraft:broken":{"minecraft:stone_pickaxe":1,"minecraft:shield":2,"minecraft:iron_pickaxe":9},"minecraft:killed":{"minecraft:spider":1,"minecraft:skeleton":12,"minecraft:husk":1,"alexsmobs:emu":1,"minecraft:pillager":3,"minecraft:zombie":15,"minecraft:player":1,"minecraft:cow":4},"minecraft:used":{"minecraft:stone_sword":41,"minecraft:bone_block":1,"minecraft:chest":4,"minecraft:shield":107,"minecraft:iron_sword":73,"minecraft:rotten_flesh":4,"minecraft:torch":385,"regions_unexplored:eucalyptus_log":14,"minecraft:wooden_axe":51,"epicfight:iron_dagger":43,"minecraft:bow":17,"minecraft:written_book":1,"minecraft:furnace":2,"minecraft:cooked_cod":4,"minecraft:egg":2,"minecraft:potato":1,"goblins_tyranny:goblins_tyranny_guide":1,"minecraft:water_bucket":2,"epicfight:skillbook":2,"minecraft:stone_pickaxe":157,"farmersdelight:golden_knife":1,"minecraft:wooden_pickaxe":83,"epicfight:iron_longsword":6,"burnt:hot_spring_water_bucket":1,"minecraft:green_bed":4,"goblins_tyranny:hut_torch":3,"minecraft:crafting_table":9,"minecraft:bread":66,"minecraft:melon_slice":25,"minecraft:iron_pickaxe":2271,"minecraft:wooden_sword":2,"minecraft:cobblestone":14,"minecraft:cooked_porkchop":2,"minecraft:bucket":3,"alexsmobs:animal_dictionary":2,"epicfight:uchigatana":10},"minecraft:crafted":{"minecraft:raw_iron":9,"minecraft:furnace":1,"regions_unexplored:kapok_planks":12,"minecraft:bow":1,"minecraft:stone_pickaxe":2,"minecraft:chest":3,"regions_unexplored:palm_planks":40,"minecraft:coal_block":14,"minecraft:crafting_table":4,"minecraft:wooden_pickaxe":2,"epicfight:iron_dagger":1,"goblins_tyranny:hut_torch":3,"epicfight:iron_longsword":1,"minecraft:bucket":1,"minecraft:air":0,"regions_unexplored:eucalyptus_planks":84,"minecraft:shield":2,"minecraft:stick":180,"minecraft:iron_ingot":45,"minecraft:iron_pickaxe":9,"minecraft:wooden_axe":1,"minecraft:iron_block":7,"minecraft:stone_sword":1,"minecraft:gold_ingot":6,"minecraft:iron_leggings":1,"minecraft:torch":368},"minecraft:mined":{"minecraft:tuff":33,"minecraft:mossy_cobblestone":1,"minecraft:lever":1,"gravestone:gravestone":20,"minecraft:grass_block":5,"regions_unexplored:eucalyptus_leaves":2,"minecraft:redstone_wire":2,"regions_unexplored:elephant_ear":3,"regions_unexplored:raw_redstone_block":12,"projectvibrantjourneys:prickly_bush":1,"minecraft:chiseled_stone_bricks":1,"minecraft:raw_iron_block":1,"regions_unexplored:stone_bud":1,"regions_unexplored:pointed_redstone":15,"minecraft:furnace":1,"minecraft:iron_ore":106,"minecraft:sticky_piston":3,"minecraft:fire":2,"minecraft:suspicious_sand":1,"minecraft:deepslate_lapis_ore":9,"minecraft:deepslate_iron_ore":42,"minecraft:vine":2,"regions_unexplored:medium_grass":1,"minecraft:stone":573,"minecraft:tripwire":5,"minecraft:green_bed":3,"regions_unexplored:redstone_bulb":1,"regions_unexplored:joshua_shrub":1,"minecraft:deepslate_redstone_ore":8,"minecraft:crafting_table":5,"minecraft:torch":3,"minecraft:calcite":1,"regions_unexplored:small_desert_shrub":1,"minecraft:chest":1,"minecraft:copper_ore":9,"minecraft:cobblestone":1,"minecraft:lapis_ore":1,"minecraft:deepslate_gold_ore":21,"minecraft:diorite":17,"minecraft:wall_torch":12,"supplementaries:urn":1,"minecraft:repeater":1,"minecraft:jungle_wood":1,"regions_unexplored:redstone_bud":4,"regions_unexplored:sandy_grass":2,"minecraft:grass":16,"minecraft:coal_ore":436,"regions_unexplored:eucalyptus_log":35,"projectvibrantjourneys:short_grass":9,"regions_unexplored:palm_log":10,"minecraft:gravel":5,"biomesoplenty:stringy_cobweb":1,"minecraft:cracked_stone_bricks":2,"minecraft:dispenser":2,"minecraft:gold_ore":4,"minecraft:deepslate":1199,"minecraft:fern":2},"minecraft:killed_by":{"minecraft:husk":12,"minecraft:creeper":4,"minecraft:vindicator":1,"minecraft:skeleton":5,"minecraft:zombie":1},"minecraft:custom":{"minecraft:mob_kills":37,"minecraft:interact_with_crafting_table":28,"minecraft:open_barrel":17,"minecraft:leave_game":1,"minecraft:time_since_death":40513,"minecraft:climb_one_cm":44001,"minecraft:sprint_one_cm":1494395,"minecraft:walk_one_cm":3308237,"minecraft:damage_blocked_by_shield":5805,"minecraft:drop":170,"minecraft:talked_to_villager":3,"minecraft:play_time":449743,"minecraft:sneak_time":2847,"minecraft:deaths":24,"minecraft:walk_under_water_one_cm":10921,"minecraft:jump":4856,"minecraft:walk_on_water_one_cm":66735,"minecraft:total_world_time":449743,"minecraft:interact_with_furnace":9,"minecraft:sleep_in_bed":18,"minecraft:time_since_rest":2553,"minecraft:damage_taken":9432,"minecraft:damage_dealt":7585,"minecraft:player_kills":1,"minecraft:swim_one_cm":33428,"minecraft:fly_one_cm":343416,"minecraft:open_chest":52,"minecraft:crouch_one_cm":5954,"minecraft:fall_one_cm":60744,"minecraft:inspect_dispenser":2},"minecraft:dropped":{"minecraft:enchanted_book":4,"minecraft:bread":3,"minecraft:iron_sword":1,"minecraft:wheat_seeds":9,"minecraft:lapis_lazuli":61,"minecraft:diamond":2,"minecraft:iron_helmet":1,"minecraft:cobblestone":181,"minecraft:saddle":1,"projectvibrantjourneys:orange_bark_mushroom":4,"minecraft:coal":25,"minecraft:music_disc_13":1,"minecraft:stick":3,"regions_unexplored:palm_planks":1,"minecraft:iron_block":7,"minecraft:dirt":59,"farmersdelight:golden_knife":1,"regions_unexplored:elephant_ear":8,"minecraft:diorite":17,"minecraft:dispenser":2,"minecraft:repeater":1,"minecraft:wooden_axe":1,"gravestone:obituary":26,"minecraft:wooden_sword":1,"minecraft:sand":1,"minecraft:iron_pickaxe":1,"minecraft:string":19,"minecraft:music_disc_cat":1,"projectvibrantjourneys:bark_mushroom":1,"minecraft:redstone":42,"minecraft:bone":11,"minecraft:gold_ingot":11,"regions_unexplored:raw_redstone_block":9,"epicfight:uchigatana":1,"minecraft:stone_sword":1,"alexsmobs:animal_dictionary":2,"minecraft:cobbled_deepslate":25,"aquamirae:whisper_of_the_abyss":1,"minecraft:green_bed":2,"minecraft:sticky_piston":3,"minecraft:raw_iron":78,"minecraft:rotten_flesh":13,"minecraft:iron_boots":1,"alexsmobs:ancient_dart":2,"minecraft:name_tag":1,"alexsmobs:emu_egg":1,"minecraft:potato":1,"minecraft:gunpowder":5,"regions_unexplored:hibiscus":4,"minecraft:iron_chestplate":1,"minecraft:bamboo":1,"minecraft:iron_ore":53,"minecraft:beef":9,"minecraft:raw_gold":21,"minecraft:wooden_pickaxe":1,"alexsmobs:banana":1,"minecraft:written_book":1,"minecraft:vex_armor_trim_smithing_template":2,"epicfight:skillbook":1,"minecraft:egg":1},"minecraft:picked_up":{"regions_unexplored:pointed_redstone":48,"minecraft:crafting_table":5,"gravestone:obituary":7,"minecraft:string":5,"minecraft:raw_copper":58,"minecraft:wooden_sword":3,"minecraft:sticky_piston":6,"minecraft:cracked_stone_bricks":2,"alexsmobs:banana":1,"minecraft:cobbled_deepslate":898,"minecraft:beef":9,"minecraft:written_book":1,"minecraft:jungle_sapling":1,"minecraft:iron_pickaxe":1,"minecraft:melon_slice":29,"minecraft:chest":1,"farmersdelight:golden_knife":1,"minecraft:furnace":1,"minecraft:egg":3,"minecraft:stick":9,"minecraft:raw_iron":147,"regions_unexplored:kapok_planks":6,"regions_unexplored:elephant_ear":9,"projectvibrantjourneys:bark_mushroom":1,"minecraft:torch":29,"minecraft:green_bed":5,"regions_unexplored:raw_redstone_block":31,"minecraft:diorite":17,"minecraft:redstone":128,"regions_unexplored:kapok_log":5,"minecraft:cooked_cod":4,"minecraft:stone_sword":2,"minecraft:arrow":8,"minecraft:rotten_flesh":32,"regions_unexplored:redstone_bulb":6,"aquamirae:whisper_of_the_abyss":1,"alexsmobs:emu_egg":1,"burnt:hot_spring_water_bucket":1,"minecraft:gold_ingot":6,"supplementaries:ash":1,"minecraft:bone_block":1,"minecraft:cobblestone":659,"minecraft:repeater":2,"regions_unexplored:eucalyptus_log":35,"minecraft:leather":1,"minecraft:jungle_wood":1,"minecraft:potato":1,"minecraft:flint":2,"minecraft:tuff":25,"minecraft:cobblestone_stairs":2,"minecraft:lapis_lazuli":113,"minecraft:dirt":111,"minecraft:bone":17,"minecraft:wheat_seeds":12,"minecraft:raw_gold":25,"minecraft:iron_ingot":3,"regions_unexplored:eucalyptus_sapling":1,"minecraft:cooked_porkchop":2,"minecraft:chiseled_stone_bricks":1,"minecraft:raw_iron_block":1,"minecraft:gravel":3,"goblins_tyranny:goblins_tyranny_guide":1,"minecraft:sand":2,"epicfight:uchigatana":1,"regions_unexplored:palm_log":10,"alexsmobs:animal_dictionary":1,"minecraft:mossy_cobblestone":6,"minecraft:dispenser":2,"minecraft:lever":1,"minecraft:bread":59,"projectvibrantjourneys:orange_bark_mushroom":5,"regions_unexplored:hibiscus":4,"minecraft:coal":580,"minecraft:wooden_axe":1}},"DataVersion":3465}