{"stats":{"minecraft:killed":{"alexsmobs:lobster":1,"minecraft:pig":1,"minecraft:spider":4,"minecraft:skeleton":5,"minecraft:pillager":7,"minecraft:zombie":16,"alexsmobs:skelewag":1,"minecraft:player":1,"minecraft:cow":7},"minecraft:broken":{"minecraft:stone_pickaxe":1,"minecraft:stone_sword":1},"minecraft:mined":{"minecraft:mossy_cobblestone":1,"biomesoplenty:glowworm_silk":1,"minecraft:torch":5,"gravestone:gravestone":4,"minecraft:grass_block":4,"minecraft:decorated_pot":1,"minecraft:rose_bush":2,"supplementaries:wild_flax":2,"minecraft:copper_ore":4,"minecraft:cobblestone":3,"minecraft:spruce_leaves":4,"biomesoplenty:sprout":1,"minecraft:lapis_ore":2,"minecraft:oak_planks":8,"minecraft:wall_torch":5,"minecraft:diorite":1,"minecraft:blue_bed":2,"minecraft:spruce_stairs":1,"minecraft:iron_ore":11,"minecraft:fire":1,"minecraft:sweet_berry_bush":3,"minecraft:spruce_log":25,"biomesoplenty:violet":1,"biomesoplenty:maple_leaves":15,"minecraft:pumpkin":5,"minecraft:grass":5,"minecraft:oak_log":10,"minecraft:coal_ore":99,"projectvibrantjourneys:short_grass":6,"minecraft:deepslate_iron_ore":3,"minecraft:lantern":1,"minecraft:gravel":41,"minecraft:dirt":3,"minecraft:stone":74},"minecraft:custom":{"minecraft:interact_with_furnace":7,"minecraft:mob_kills":45,"minecraft:interact_with_crafting_table":17,"minecraft:open_barrel":5,"minecraft:interact_with_campfire":16,"minecraft:bell_ring":1,"minecraft:leave_game":8,"minecraft:time_since_death":46496,"minecraft:sleep_in_bed":15,"minecraft:climb_one_cm":29555,"minecraft:time_since_rest":14444,"minecraft:sprint_one_cm":859645,"minecraft:damage_taken":4466,"minecraft:walk_one_cm":2519270,"minecraft:damage_blocked_by_shield":825,"minecraft:drop":13,"minecraft:damage_dealt":9187,"minecraft:player_kills":1,"minecraft:swim_one_cm":176147,"minecraft:fly_one_cm":187103,"minecraft:talked_to_villager":8,"minecraft:open_chest":28,"minecraft:play_time":344364,"minecraft:crouch_one_cm":10366,"minecraft:deaths":4,"minecraft:sneak_time":2597,"minecraft:walk_under_water_one_cm":43868,"minecraft:boat_one_cm":626689,"minecraft:jump":2003,"minecraft:walk_on_water_one_cm":57842,"minecraft:total_world_time":344364,"minecraft:interact_with_smoker":1,"minecraft:fall_one_cm":35663},"minecraft:picked_up":{"minecraft:cooked_beef":13,"minecraft:leather":7,"biomesoplenty:violet":1,"minecraft:flint":3,"minecraft:oak_log":12,"minecraft:lily_pad":2,"supplementaries:flax_seeds":2,"minecraft:dirt":18,"minecraft:lapis_lazuli":15,"minecraft:blue_bed":2,"minecraft:string":3,"minecraft:lantern":1,"minecraft:raw_copper":13,"minecraft:bone":6,"minecraft:wheat_seeds":2,"minecraft:beef":13,"minecraft:rose_bush":1,"minecraft:oak_planks":10,"projectvibrantjourneys:light_brown_bark_mushroom":1,"minecraft:stick":7,"minecraft:raw_iron":14,"minecraft:cooked_porkchop":4,"alexsmobs:fish_bones":1,"minecraft:pumpkin":5,"minecraft:sweet_berries":28,"projectvibrantjourneys:bark_mushroom":1,"minecraft:torch":11,"minecraft:spruce_stairs":1,"minecraft:gravel":27,"epicfight:skillbook":3,"minecraft:porkchop":3,"minecraft:diorite":1,"minecraft:white_bed":1,"minecraft:spruce_log":25,"minecraft:spider_eye":1,"minecraft:mossy_cobblestone":1,"biomesoplenty:maple_sapling":2,"minecraft:arrow":12,"minecraft:rotten_flesh":19,"minecraft:decorated_pot":1,"minecraft:pumpkin_pie":5,"minecraft:bread":9,"minecraft:emerald":3,"supplementaries:ash":3,"minecraft:coal":99,"minecraft:cobblestone":77},"minecraft:crafted":{"minecraft:oak_planks":44,"minecraft:crafting_table":2,"minecraft:spruce_planks":76,"minecraft:wooden_pickaxe":1,"minecraft:furnace":1,"epicfight:iron_dagger":2,"minecraft:bread":4,"minecraft:air":0,"minecraft:bow":1,"minecraft:iron_chestplate":1,"minecraft:shield":1,"minecraft:stick":40,"minecraft:iron_ingot":14,"minecraft:stone_pickaxe":1,"minecraft:iron_pickaxe":1,"minecraft:stone_sword":1,"minecraft:spruce_boat":3,"minecraft:torch":112},"minecraft:killed_by":{"alexsmobs:grizzly_bear":1,"alexsmobs:cachalot_whale":1},"minecraft:used":{"epicfight:skillbook":5,"minecraft:stone_sword":127,"minecraft:stone_pickaxe":126,"minecraft:oak_planks":31,"minecraft:spruce_planks":22,"minecraft:wooden_pickaxe":26,"minecraft:shield":26,"minecraft:blue_bed":2,"minecraft:rotten_flesh":13,"minecraft:torch":108,"minecraft:crafting_table":2,"minecraft:spruce_log":4,"minecraft:spruce_boat":3,"minecraft:iron_pickaxe":57,"minecraft:lantern":1,"minecraft:bread":20,"epicfight:iron_dagger":106,"minecraft:cobblestone":2,"supplementaries:ash":1,"minecraft:gravel":1,"minecraft:golden_sword":3,"minecraft:sweet_berries":37,"minecraft:bow":19,"minecraft:furnace":1,"minecraft:cooked_porkchop":4,"alexsmobs:animal_dictionary":4,"minecraft:pumpkin_pie":2,"minecraft:cooked_beef":13},"minecraft:dropped":{"alexsmobs:fish_bones":1,"minecraft:wheat_seeds":1,"biomesoplenty:maple_sapling":2,"minecraft:rotten_flesh":4,"minecraft:white_bed":1,"minecraft:stick":7,"minecraft:emerald":3,"minecraft:golden_sword":1,"gravestone:obituary":1,"minecraft:pumpkin_pie":1}},"DataVersion":3465}