{"stats":{"minecraft:used":{"minecraft:stone_sword":41,"minecraft:bone_block":1,"minecraft:chest":4,"minecraft:shield":22,"minecraft:iron_sword":14,"minecraft:rotten_flesh":4,"minecraft:torch":162,"regions_unexplored:eucalyptus_log":14,"minecraft:wooden_axe":51,"minecraft:furnace":2,"minecraft:egg":1,"minecraft:potato":1,"minecraft:water_bucket":1,"epicfight:skillbook":2,"minecraft:stone_pickaxe":157,"farmersdelight:golden_knife":1,"minecraft:wooden_pickaxe":83,"minecraft:green_bed":3,"minecraft:crafting_table":8,"minecraft:bread":41,"minecraft:melon_slice":7,"minecraft:iron_pickaxe":1252,"minecraft:wooden_sword":2,"minecraft:cobblestone":14,"minecraft:bucket":2,"alexsmobs:animal_dictionary":2,"epicfight:uchigatana":9},"minecraft:mined":{"minecraft:tuff":25,"minecraft:mossy_cobblestone":1,"minecraft:lever":1,"gravestone:gravestone":16,"regions_unexplored:eucalyptus_leaves":2,"minecraft:grass_block":1,"minecraft:redstone_wire":2,"regions_unexplored:elephant_ear":3,"regions_unexplored:raw_redstone_block":9,"minecraft:chiseled_stone_bricks":1,"minecraft:furnace":1,"regions_unexplored:pointed_redstone":9,"minecraft:iron_ore":38,"minecraft:sticky_piston":3,"minecraft:fire":2,"minecraft:suspicious_sand":1,"minecraft:deepslate_iron_ore":6,"minecraft:vine":2,"minecraft:stone":531,"minecraft:green_bed":3,"regions_unexplored:redstone_bulb":1,"minecraft:tripwire":5,"regions_unexplored:joshua_shrub":1,"minecraft:deepslate_redstone_ore":6,"minecraft:crafting_table":4,"minecraft:torch":3,"minecraft:chest":1,"regions_unexplored:small_desert_shrub":1,"minecraft:copper_ore":9,"minecraft:cobblestone":1,"minecraft:deepslate_gold_ore":8,"minecraft:diorite":17,"minecraft:wall_torch":7,"minecraft:repeater":1,"minecraft:jungle_wood":1,"regions_unexplored:redstone_bud":1,"regions_unexplored:sandy_grass":2,"minecraft:grass":16,"projectvibrantjourneys:short_grass":8,"minecraft:coal_ore":258,"regions_unexplored:eucalyptus_log":35,"regions_unexplored:palm_log":10,"minecraft:gravel":5,"minecraft:dispenser":2,"minecraft:deepslate":557,"minecraft:fern":2},"minecraft:custom":{"minecraft:mob_kills":10,"minecraft:interact_with_crafting_table":21,"minecraft:open_barrel":16,"minecraft:leave_game":1,"minecraft:time_since_death":85674,"minecraft:climb_one_cm":18497,"minecraft:sprint_one_cm":1016244,"minecraft:walk_one_cm":1810832,"minecraft:damage_blocked_by_shield":1455,"minecraft:drop":94,"minecraft:talked_to_villager":3,"minecraft:play_time":265940,"minecraft:deaths":20,"minecraft:sneak_time":715,"minecraft:walk_under_water_one_cm":3282,"minecraft:jump":2545,"minecraft:walk_on_water_one_cm":52634,"minecraft:total_world_time":265940,"minecraft:interact_with_furnace":9,"minecraft:sleep_in_bed":10,"minecraft:time_since_rest":64376,"minecraft:damage_taken":7155,"minecraft:damage_dealt":2717,"minecraft:swim_one_cm":25120,"minecraft:player_kills":1,"minecraft:fly_one_cm":216632,"minecraft:open_chest":34,"minecraft:crouch_one_cm":1381,"minecraft:fall_one_cm":26881,"minecraft:inspect_dispenser":2},"minecraft:killed_by":{"minecraft:husk":12,"minecraft:creeper":1,"minecraft:skeleton":5,"minecraft:zombie":1},"minecraft:dropped":{"minecraft:enchanted_book":4,"minecraft:bread":3,"minecraft:iron_sword":1,"minecraft:wheat_seeds":5,"minecraft:diamond":2,"minecraft:iron_helmet":1,"minecraft:cobblestone":165,"minecraft:saddle":1,"projectvibrantjourneys:orange_bark_mushroom":4,"minecraft:music_disc_13":1,"minecraft:stick":3,"minecraft:iron_block":7,"regions_unexplored:palm_planks":1,"minecraft:dirt":34,"farmersdelight:golden_knife":1,"regions_unexplored:elephant_ear":4,"minecraft:diorite":17,"minecraft:dispenser":2,"minecraft:repeater":1,"minecraft:wooden_axe":1,"gravestone:obituary":20,"minecraft:wooden_sword":1,"minecraft:sand":1,"minecraft:music_disc_cat":1,"projectvibrantjourneys:bark_mushroom":1,"minecraft:gold_ingot":11,"minecraft:bone":2,"regions_unexplored:raw_redstone_block":9,"epicfight:uchigatana":1,"minecraft:stone_sword":1,"alexsmobs:animal_dictionary":2,"aquamirae:whisper_of_the_abyss":1,"minecraft:green_bed":1,"minecraft:sticky_piston":3,"minecraft:rotten_flesh":4,"minecraft:iron_boots":1,"alexsmobs:ancient_dart":2,"minecraft:name_tag":1,"minecraft:potato":1,"minecraft:gunpowder":5,"minecraft:iron_chestplate":1,"minecraft:bamboo":1,"minecraft:iron_ore":53,"minecraft:wooden_pickaxe":1,"minecraft:vex_armor_trim_smithing_template":2,"epicfight:skillbook":1,"minecraft:egg":1},"minecraft:crafted":{"minecraft:furnace":1,"regions_unexplored:kapok_planks":12,"minecraft:bow":1,"minecraft:stone_pickaxe":2,"minecraft:chest":3,"regions_unexplored:palm_planks":40,"minecraft:crafting_table":4,"minecraft:wooden_pickaxe":2,"minecraft:bucket":1,"minecraft:air":0,"regions_unexplored:eucalyptus_planks":84,"minecraft:shield":1,"minecraft:stick":180,"minecraft:iron_ingot":45,"minecraft:iron_pickaxe":9,"minecraft:wooden_axe":1,"minecraft:iron_block":7,"minecraft:stone_sword":1,"minecraft:iron_leggings":1,"minecraft:gold_ingot":6,"minecraft:torch":208},"minecraft:killed":{"minecraft:spider":1,"minecraft:skeleton":4,"minecraft:husk":1,"minecraft:zombie":4,"minecraft:player":1},"minecraft:broken":{"minecraft:stone_pickaxe":1,"minecraft:iron_pickaxe":5},"minecraft:picked_up":{"regions_unexplored:pointed_redstone":36,"minecraft:crafting_table":4,"gravestone:obituary":5,"minecraft:string":5,"minecraft:raw_copper":58,"minecraft:wooden_sword":3,"minecraft:sticky_piston":6,"minecraft:cobbled_deepslate":540,"minecraft:written_book":1,"minecraft:melon_slice":11,"minecraft:chest":1,"farmersdelight:golden_knife":1,"minecraft:egg":2,"minecraft:furnace":1,"minecraft:raw_iron":44,"minecraft:stick":8,"regions_unexplored:kapok_planks":6,"regions_unexplored:elephant_ear":5,"projectvibrantjourneys:bark_mushroom":1,"minecraft:torch":13,"minecraft:green_bed":3,"regions_unexplored:raw_redstone_block":27,"minecraft:diorite":17,"minecraft:redstone":101,"regions_unexplored:kapok_log":3,"minecraft:stone_sword":2,"minecraft:arrow":2,"minecraft:rotten_flesh":14,"regions_unexplored:redstone_bulb":6,"aquamirae:whisper_of_the_abyss":1,"minecraft:gold_ingot":6,"supplementaries:ash":1,"minecraft:bone_block":1,"minecraft:cobblestone":600,"minecraft:repeater":2,"regions_unexplored:eucalyptus_log":35,"minecraft:jungle_wood":1,"minecraft:potato":1,"minecraft:flint":2,"minecraft:tuff":25,"minecraft:cobblestone_stairs":2,"minecraft:dirt":60,"minecraft:bone":4,"minecraft:wheat_seeds":8,"minecraft:raw_gold":8,"regions_unexplored:eucalyptus_sapling":1,"minecraft:chiseled_stone_bricks":1,"minecraft:gravel":3,"minecraft:sand":2,"epicfight:uchigatana":1,"regions_unexplored:palm_log":10,"alexsmobs:animal_dictionary":1,"minecraft:mossy_cobblestone":6,"minecraft:dispenser":2,"minecraft:lever":1,"minecraft:bread":33,"projectvibrantjourneys:orange_bark_mushroom":5,"minecraft:coal":372,"minecraft:wooden_axe":1}},"DataVersion":3465}