{"stats":{"minecraft:broken":{"minecraft:stone_sword":1,"minecraft:golden_leggings":1,"minecraft:stone_pickaxe":1,"minecraft:iron_pickaxe":1},"minecraft:crafted":{"minecraft:oak_planks":44,"minecraft:furnace":1,"minecraft:bow":1,"minecraft:stone_pickaxe":1,"minecraft:chest":2,"minecraft:spruce_boat":3,"minecraft:crafting_table":3,"minecraft:spruce_planks":76,"minecraft:wooden_pickaxe":1,"epicfight:iron_dagger":2,"minecraft:bucket":1,"minecraft:bread":4,"minecraft:air":0,"minecraft:iron_chestplate":1,"minecraft:shield":2,"minecraft:stick":64,"minecraft:iron_pickaxe":1,"minecraft:iron_ingot":14,"minecraft:stone_sword":1,"minecraft:torch":188},"minecraft:used":{"minecraft:stone_sword":127,"minecraft:chest":2,"minecraft:spruce_planks":25,"minecraft:shield":144,"minecraft:rotten_flesh":15,"minecraft:torch":192,"minecraft:dirt":10,"minecraft:spyglass":2,"minecraft:carrot":12,"minecraft:spruce_boat":3,"minecraft:lantern":1,"minecraft:iron_axe":34,"epicfight:iron_dagger":358,"minecraft:golden_sword":3,"supplementaries:ash":1,"minecraft:bow":39,"minecraft:sweet_berries":37,"minecraft:furnace":1,"minecraft:cooked_beef":13,"epicfight:skillbook":6,"minecraft:water_bucket":1,"minecraft:stone_pickaxe":126,"minecraft:oak_planks":31,"minecraft:wooden_pickaxe":26,"minecraft:blue_bed":2,"farmersdelight:onion":19,"minecraft:crafting_table":4,"minecraft:spruce_log":4,"minecraft:apple":3,"minecraft:bread":54,"minecraft:iron_pickaxe":246,"minecraft:gravel":1,"minecraft:cobblestone":2,"minecraft:cooked_porkchop":4,"minecraft:cooked_rabbit":1,"minecraft:bucket":1,"minecraft:pumpkin_pie":9,"alexsmobs:animal_dictionary":4},"minecraft:killed_by":{"alexsmobs:cachalot_whale":1,"minecraft:zombie":2,"alexsmobs:grizzly_bear":2},"minecraft:mined":{"minecraft:mossy_cobblestone":4,"minecraft:carved_pumpkin":1,"gravestone:gravestone":10,"minecraft:grass_block":11,"minecraft:spruce_fence":3,"minecraft:decorated_pot":1,"minecraft:spruce_leaves":4,"minecraft:hay_block":1,"minecraft:iron_ore":11,"minecraft:fire":1,"biomesoplenty:violet":1,"minecraft:pumpkin":5,"minecraft:dirt_path":1,"minecraft:deepslate_iron_ore":3,"minecraft:lantern":1,"minecraft:stone":162,"biomesoplenty:glowworm_silk":1,"minecraft:crafting_table":1,"minecraft:torch":5,"minecraft:rose_bush":3,"projectvibrantjourneys:mossy_rocks":1,"supplementaries:wild_flax":2,"minecraft:copper_ore":10,"minecraft:cobblestone":4,"biomesoplenty:sprout":5,"minecraft:lapis_ore":2,"minecraft:oak_planks":8,"minecraft:diorite":1,"minecraft:blue_bed":2,"minecraft:wall_torch":9,"minecraft:spruce_stairs":1,"minecraft:sweet_berry_bush":3,"minecraft:lilac":1,"minecraft:spruce_log":25,"biomesoplenty:maple_leaves":15,"minecraft:grass":5,"minecraft:oak_log":10,"minecraft:coal_ore":183,"projectvibrantjourneys:short_grass":7,"minecraft:gravel":43,"minecraft:dirt":20},"minecraft:picked_up":{"minecraft:crafting_table":1,"friendsandfoes:totem_of_illusion":1,"minecraft:cooked_rabbit":1,"biomesoplenty:violet":1,"minecraft:string":5,"minecraft:raw_copper":36,"bosses_of_mass_destruction:soul_star":1,"minecraft:bucket":1,"minecraft:spruce_planks":1,"minecraft:beef":14,"minecraft:rose_bush":5,"minecraft:stick":8,"minecraft:raw_iron":14,"projectvibrantjourneys:bark_mushroom":1,"minecraft:torch":17,"minecraft:spruce_stairs":1,"minecraft:spruce_fence":3,"epicfight:skillbook":5,"minecraft:porkchop":3,"minecraft:diorite":1,"minecraft:arrow":24,"minecraft:rotten_flesh":60,"minecraft:decorated_pot":1,"minecraft:pumpkin_pie":9,"farmersdelight:onion":11,"minecraft:hay_block":1,"projectvibrantjourneys:cattail":3,"supplementaries:ash":5,"minecraft:cobblestone":169,"minecraft:cooked_beef":13,"projectvibrantjourneys:fallen_leaves":1,"minecraft:leather":7,"alexsmobs:bison_fur":1,"minecraft:flint":3,"minecraft:oak_log":12,"minecraft:lily_pad":3,"supplementaries:flax_seeds":2,"minecraft:lapis_lazuli":15,"minecraft:dirt":42,"minecraft:blue_bed":2,"minecraft:lantern":1,"minecraft:white_banner":2,"minecraft:bone":16,"minecraft:bow":1,"minecraft:wheat_seeds":4,"minecraft:iron_ingot":1,"minecraft:oak_planks":26,"projectvibrantjourneys:light_brown_bark_mushroom":1,"minecraft:cooked_porkchop":4,"alexsmobs:fish_bones":1,"minecraft:pumpkin":5,"minecraft:sweet_berries":28,"minecraft:gravel":30,"minecraft:white_bed":1,"minecraft:spruce_log":25,"minecraft:spider_eye":1,"minecraft:mossy_cobblestone":4,"biomesoplenty:maple_sapling":2,"minecraft:emerald":10,"minecraft:bread":66,"minecraft:oak_sapling":1,"minecraft:coal":184},"minecraft:custom":{"minecraft:mob_kills":105,"minecraft:interact_with_crafting_table":23,"minecraft:open_barrel":10,"minecraft:interact_with_campfire":16,"minecraft:bell_ring":1,"minecraft:leave_game":11,"minecraft:time_since_death":32152,"minecraft:climb_one_cm":34656,"minecraft:sprint_one_cm":1493720,"minecraft:walk_one_cm":3459521,"minecraft:damage_blocked_by_shield":4215,"minecraft:drop":46,"minecraft:talked_to_villager":8,"minecraft:play_time":468733,"minecraft:deaths":10,"minecraft:sneak_time":3913,"minecraft:walk_under_water_one_cm":98317,"minecraft:boat_one_cm":927162,"minecraft:jump":3040,"minecraft:walk_on_water_one_cm":95195,"minecraft:total_world_time":468733,"minecraft:interact_with_furnace":7,"minecraft:sleep_in_bed":24,"minecraft:time_since_rest":9806,"minecraft:damage_taken":8650,"minecraft:damage_dealt":19105,"minecraft:swim_one_cm":293715,"minecraft:fly_one_cm":306329,"minecraft:player_kills":1,"minecraft:open_chest":48,"minecraft:crouch_one_cm":12852,"minecraft:interact_with_smoker":1,"minecraft:fall_one_cm":51064},"minecraft:killed":{"alexsmobs:lobster":1,"minecraft:spider":5,"minecraft:skeleton":12,"alexsmobs:bison":1,"minecraft:illusioner":1,"alexsmobs:skelewag":1,"minecraft:pig":1,"alexsmobs:grizzly_bear":1,"minecraft:pillager":12,"minecraft:zombie":56,"minecraft:player":1,"minecraft:cow":8},"minecraft:dropped":{"minecraft:bread":3,"alexsmobs:fish_bones":1,"minecraft:wheat_seeds":3,"minecraft:diamond":1,"biomesoplenty:maple_sapling":2,"minecraft:cookie":1,"minecraft:iron_horse_armor":1,"minecraft:music_disc_13":1,"minecraft:stick":7,"minecraft:emerald":3,"minecraft:milk_bucket":1,"minecraft:rose_bush":2,"gravestone:obituary":6,"minecraft:pumpkin_pie":1,"minecraft:string":16,"minecraft:lily_pad":1,"minecraft:bone":5,"minecraft:redstone":1,"minecraft:raw_copper":23,"minecraft:wheat":3,"farmersdelight:cabbage_seeds":5,"minecraft:rotten_flesh":4,"minecraft:white_bed":1,"minecraft:carrot":1,"bosses_of_mass_destruction:soul_star":1,"supplementaries:ash":2,"minecraft:gunpowder":25,"minecraft:melon_seeds":4,"minecraft:golden_sword":1,"farmersdelight:rope":16,"minecraft:bow":1,"minecraft:beef":1,"projectvibrantjourneys:cattail":2,"epicfight:skillbook":1}},"DataVersion":3465}