{"stats":{"minecraft:broken":{"minecraft:wooden_pickaxe":2,"minecraft:stone_pickaxe":5,"minecraft:iron_pickaxe":1},"minecraft:killed":{"minecraft:vindicator":1,"minecraft:spider":1,"minecraft:skeleton":1,"minecraft:husk":1,"minecraft:pig":2,"minecraft:creeper":1,"minecraft:pillager":1,"minecraft:zombie":11,"alexsmobs:fly":1},"minecraft:used":{"minecraft:poppy":1,"minecraft:decorated_pot":4,"minecraft:chest":1,"minecraft:iron_sword":121,"minecraft:cooked_salmon":3,"minecraft:iron_chestplate":1,"minecraft:torch":35,"minecraft:dirt":26,"projectvibrantjourneys:bark_mushroom":5,"minecraft:carrot":1,"minecraft:iron_hoe":54,"alexsmobs:maggot":1,"regions_unexplored:kapok_door":2,"minecraft:iron_axe":36,"minecraft:jungle_log":1,"minecraft:iron_helmet":1,"regions_unexplored:elephant_ear":1,"minecraft:iron_boots":1,"minecraft:melon_seeds":1,"projectvibrantjourneys:orange_bark_mushroom":1,"minecraft:furnace":4,"minecraft:potato":1,"minecraft:cobbled_deepslate":69,"minecraft:wheat_seeds":38,"goblins_tyranny:goblins_tyranny_guide":1,"projectvibrantjourneys:light_brown_bark_mushroom":1,"epicfight:skillbook":1,"minecraft:diorite":15,"minecraft:iron_ore":53,"regions_unexplored:redstone_bulb":3,"minecraft:stone_pickaxe":658,"minecraft:baked_potato":1,"minecraft:wooden_pickaxe":80,"burnt:hot_spring_water_bucket":2,"minecraft:green_bed":11,"goblins_tyranny:hut_torch":1,"regions_unexplored:tsubaki":2,"minecraft:sand":9,"regions_unexplored:raw_redstone_block":2,"minecraft:crafting_table":11,"regions_unexplored:magnolia_shrub":1,"minecraft:campfire":1,"minecraft:pumpkin_seeds":4,"minecraft:apple":10,"minecraft:bread":34,"regions_unexplored:kapok_planks":83,"minecraft:melon_slice":58,"minecraft:iron_pickaxe":269,"minecraft:fishing_rod":19,"minecraft:cobblestone":4,"minecraft:cooked_porkchop":2,"minecraft:bucket":2,"minecraft:coarse_dirt":6,"epicfight:uchigatana":9},"minecraft:crafted":{"minecraft:wooden_sword":1,"minecraft:fishing_rod":1,"minecraft:furnace":3,"regions_unexplored:kapok_planks":96,"minecraft:cooked_mutton":12,"regions_unexplored:joshua_planks":8,"minecraft:melon_seeds":1,"minecraft:iron_axe":1,"minecraft:iron_hoe":1,"regions_unexplored:kapok_door":3,"minecraft:stone_pickaxe":5,"minecraft:wheat":108,"minecraft:cooked_beef":9,"minecraft:cooked_cod":4,"minecraft:crafting_table":1,"minecraft:wooden_pickaxe":1,"minecraft:clock":1,"minecraft:cooked_salmon":3,"minecraft:bucket":1,"minecraft:campfire":1,"minecraft:pumpkin_seeds":4,"minecraft:jungle_planks":4,"minecraft:bread":62,"minecraft:air":0,"minecraft:golden_apple":1,"minecraft:stick":36,"minecraft:iron_ingot":263,"minecraft:iron_pickaxe":2,"minecraft:iron_block":18,"minecraft:iron_leggings":1,"minecraft:gold_ingot":40,"minecraft:acacia_planks":24,"minecraft:torch":40},"minecraft:mined":{"minecraft:attached_melon_stem":1,"minecraft:farmland":1,"regions_unexplored:joshua_beard":2,"minecraft:jungle_leaves":3,"biomesoplenty:desert_grass":1,"projectvibrantjourneys:rocks":2,"gravestone:gravestone":6,"regions_unexplored:kapok_log":24,"minecraft:acacia_log":6,"minecraft:grass_block":37,"minecraft:decorated_pot":4,"minecraft:jungle_log":24,"regions_unexplored:elephant_ear":5,"minecraft:moss_block":1,"regions_unexplored:raw_redstone_block":6,"minecraft:large_fern":2,"minecraft:hay_block":12,"minecraft:redstone_ore":4,"regions_unexplored:pointed_redstone":4,"minecraft:furnace":1,"minecraft:iron_ore":144,"minecraft:cobbled_deepslate":14,"projectvibrantjourneys:orange_bark_mushroom":1,"projectvibrantjourneys:bark_mushroom":3,"minecraft:pumpkin":3,"minecraft:deepslate_iron_ore":1,"regions_unexplored:kapok_planks":14,"minecraft:vine":8,"regions_unexplored:medium_grass":34,"minecraft:stone":311,"goblins_tyranny:hut_torch":1,"minecraft:green_bed":12,"regions_unexplored:redstone_bulb":4,"minecraft:acacia_leaves":1,"minecraft:melon_stem":1,"minecraft:crafting_table":11,"projectvibrantjourneys:twigs":9,"minecraft:emerald_ore":6,"minecraft:melon":15,"regions_unexplored:small_desert_shrub":2,"minecraft:chest":1,"projectvibrantjourneys:mossy_rocks":2,"minecraft:tall_grass":1,"minecraft:cobblestone":2,"biomesoplenty:sprout":2,"minecraft:lapis_ore":9,"minecraft:lily_pad":1,"projectvibrantjourneys:fallen_leaves":1,"minecraft:sugar_cane":2,"minecraft:diorite":15,"minecraft:wall_torch":3,"regions_unexplored:tsubaki":2,"projectvibrantjourneys:light_brown_bark_mushroom":1,"minecraft:coarse_dirt":9,"regions_unexplored:redstone_bud":40,"minecraft:wheat":3,"regions_unexplored:sandy_grass":1,"minecraft:grass":115,"regions_unexplored:joshua_log":2,"minecraft:coal_ore":212,"regions_unexplored:magnolia_shrub":2,"projectvibrantjourneys:short_grass":58,"minecraft:sand":12,"minecraft:dirt":13,"minecraft:gold_ore":19,"minecraft:oak_leaves":2,"minecraft:deepslate":240,"minecraft:fern":13},"minecraft:killed_by":{"minecraft:husk":5,"minecraft:player":1,"minecraft:skeleton":1,"minecraft:zombie":1},"minecraft:custom":{"minecraft:mob_kills":28,"minecraft:interact_with_crafting_table":59,"minecraft:open_barrel":2,"minecraft:interact_with_campfire":2,"minecraft:leave_game":1,"minecraft:time_since_death":252331,"minecraft:climb_one_cm":39037,"minecraft:sprint_one_cm":1184111,"minecraft:walk_one_cm":2507976,"minecraft:drop":51,"minecraft:talked_to_villager":4,"minecraft:play_time":483071,"minecraft:deaths":8,"minecraft:sneak_time":3446,"minecraft:walk_under_water_one_cm":1524,"minecraft:jump":3534,"minecraft:interact_with_blast_furnace":13,"minecraft:walk_on_water_one_cm":29186,"minecraft:total_world_time":483071,"minecraft:interact_with_furnace":84,"minecraft:sleep_in_bed":25,"minecraft:time_since_rest":8520,"minecraft:damage_taken":4773,"minecraft:damage_dealt":3429,"minecraft:swim_one_cm":11348,"minecraft:fly_one_cm":402974,"minecraft:open_chest":184,"minecraft:crouch_one_cm":11886,"minecraft:fish_caught":8,"minecraft:fall_one_cm":49355},"minecraft:dropped":{"minecraft:iron_ingot":3,"minecraft:bread":60,"minecraft:wheat_seeds":1,"minecraft:cooked_beef":9,"minecraft:cooked_porkchop":2,"minecraft:cobblestone":4,"minecraft:coal":24,"minecraft:dirt":4,"farmersdelight:golden_knife":1,"minecraft:torch":8,"minecraft:cooked_cod":4,"minecraft:melon_slice":27,"gravestone:obituary":1,"minecraft:wooden_sword":2,"minecraft:sand":2,"minecraft:redstone":1,"epicfight:uchigatana":4,"alexsmobs:animal_dictionary":1,"minecraft:cobbled_deepslate":32,"minecraft:wheat":1,"burnt:hot_spring_water_bucket":1,"minecraft:cooked_mutton":12,"supplementaries:ash":1,"minecraft:arrow":3},"minecraft:picked_up":{"regions_unexplored:pointed_redstone":10,"minecraft:cocoa_beans":8,"minecraft:coarse_dirt":9,"minecraft:iron_chestplate":1,"minecraft:crafting_table":11,"minecraft:wheat":3,"regions_unexplored:magnolia_log":1,"minecraft:wooden_pickaxe":1,"minecraft:enchanted_book":4,"gravestone:obituary":1,"regions_unexplored:magnolia_shrub":1,"minecraft:music_disc_cat":1,"minecraft:string":23,"alexsmobs:ancient_dart":2,"minecraft:wooden_sword":1,"minecraft:sticky_piston":3,"minecraft:pufferfish":1,"alexsmobs:banana":1,"minecraft:cobbled_deepslate":350,"minecraft:beef":9,"minecraft:written_book":1,"minecraft:jungle_sapling":3,"minecraft:melon_slice":92,"minecraft:sugar_cane":3,"minecraft:chest":1,"farmersdelight:golden_knife":1,"minecraft:iron_boots":1,"minecraft:furnace":1,"minecraft:stick":20,"minecraft:raw_iron":224,"regions_unexplored:kapok_planks":14,"regions_unexplored:elephant_ear":7,"projectvibrantjourneys:bark_mushroom":5,"minecraft:green_bed":12,"minecraft:torch":3,"minecraft:acacia_log":6,"minecraft:porkchop":2,"epicfight:skillbook":1,"minecraft:carrot":1,"minecraft:diorite":15,"regions_unexplored:raw_redstone_block":4,"minecraft:redstone":80,"regions_unexplored:kapok_log":24,"regions_unexplored:tsubaki":2,"minecraft:rotten_flesh":23,"minecraft:arrow":5,"regions_unexplored:redstone_bulb":5,"regions_unexplored:joshua_log":2,"minecraft:decorated_pot":4,"minecraft:vex_armor_trim_smithing_template":2,"minecraft:hay_block":12,"minecraft:iron_block":7,"alexsmobs:emu_egg":1,"burnt:hot_spring_water_bucket":1,"minecraft:saddle":1,"minecraft:gold_ingot":11,"supplementaries:ash":2,"minecraft:white_wool":6,"minecraft:mutton":12,"minecraft:cod":4,"minecraft:cobblestone":365,"minecraft:repeater":1,"minecraft:jungle_log":27,"minecraft:salmon":3,"projectvibrantjourneys:fallen_leaves":2,"minecraft:potato":1,"minecraft:lily_pad":2,"minecraft:gunpowder":6,"goblins_tyranny:hut_torch":1,"minecraft:lapis_lazuli":55,"minecraft:dirt":72,"minecraft:name_tag":1,"minecraft:bone":3,"minecraft:wheat_seeds":44,"minecraft:raw_gold":40,"minecraft:iron_ingot":1,"minecraft:iron_ore":53,"minecraft:moss_block":1,"minecraft:iron_sword":1,"projectvibrantjourneys:light_brown_bark_mushroom":1,"minecraft:cooked_porkchop":4,"minecraft:pumpkin":3,"minecraft:music_disc_13":1,"goblins_tyranny:goblins_tyranny_guide":1,"minecraft:sand":13,"epicfight:uchigatana":5,"projectvibrantjourneys:dead_fallen_leaves":1,"alexsmobs:animal_dictionary":2,"minecraft:dispenser":2,"minecraft:diamond":2,"minecraft:iron_helmet":1,"minecraft:emerald":6,"minecraft:bread":2,"alexsmobs:maggot":2,"projectvibrantjourneys:orange_bark_mushroom":1,"minecraft:baked_potato":1,"projectvibrantjourneys:twigs":1,"minecraft:melon_seeds":2,"minecraft:coal":205}},"DataVersion":3465}