{"stats":{"minecraft:dropped":{"minecraft:ink_sac":1},"minecraft:custom":{"minecraft:open_chest":1,"minecraft:time_since_rest":8442,"minecraft:crouch_one_cm":3409,"minecraft:play_time":97311,"minecraft:sprint_one_cm":59102,"minecraft:damage_taken":1665,"minecraft:deaths":1,"minecraft:walk_one_cm":391205,"minecraft:sneak_time":621,"minecraft:walk_under_water_one_cm":3190,"minecraft:drop":1,"minecraft:jump":158,"minecraft:damage_dealt":589,"minecraft:leave_game":7,"minecraft:time_since_death":8350,"minecraft:walk_on_water_one_cm":10567,"minecraft:sleep_in_bed":2,"minecraft:climb_one_cm":1666,"minecraft:total_world_time":97311,"minecraft:talked_to_villager":1,"minecraft:fall_one_cm":1792,"minecraft:fly_one_cm":13853},"minecraft:used":{"minecraft:rotten_flesh":3},"minecraft:picked_up":{"minecraft:rotten_flesh":3,"minecraft:wheat_seeds":1,"minecraft:ink_sac":3},"minecraft:mined":{"gravestone:gravestone":1,"minecraft:grass":11,"projectvibrantjourneys:short_grass":7,"projectvibrantjourneys:seashells":1},"minecraft:killed_by":{"minecraft:player":1}},"DataVersion":3465}