{"stats":{"minecraft:broken":{"minecraft:stone_sword":1,"minecraft:wooden_pickaxe":2,"minecraft:stone_pickaxe":1,"minecraft:stone_axe":1},"minecraft:crafted":{"minecraft:oak_door":3,"minecraft:oak_planks":168,"minecraft:fishing_rod":1,"minecraft:flint_and_steel":1,"minecraft:stone_pickaxe":2,"minecraft:chest":2,"minecraft:wheat":18,"minecraft:crafting_table":2,"minecraft:spruce_planks":32,"minecraft:wooden_pickaxe":2,"minecraft:stone_axe":2,"minecraft:bread":81,"minecraft:stick":12,"minecraft:stone_sword":2,"minecraft:white_bed":1,"burnt:burnt_planks":84},"minecraft:used":{"minecraft:rose_bush":5,"minecraft:stone_sword":145,"minecraft:flint_and_steel":8,"minecraft:carved_pumpkin":1,"minecraft:spruce_slab":1,"farmersdelight:cabbage_seeds":6,"minecraft:chest":6,"minecraft:cooked_salmon":1,"minecraft:rotten_flesh":3,"minecraft:oak_door":2,"minecraft:torch":1,"minecraft:dirt":63,"projectvibrantjourneys:bark_mushroom":1,"minecraft:carrot":1,"minecraft:stripped_spruce_log":4,"minecraft:milk_bucket":1,"minecraft:spruce_boat":2,"alexsmobs:maggot":2,"projectvibrantjourneys:fallen_leaves":2,"minecraft:lantern":1,"burnt:burnt_log":2,"minecraft:melon_seeds":2,"projectvibrantjourneys:orange_bark_mushroom":1,"minecraft:bow":17,"minecraft:cooked_beef":1,"minecraft:potato":14,"minecraft:wheat_seeds":368,"minecraft:cooked_mutton":5,"projectvibrantjourneys:light_brown_bark_mushroom":4,"minecraft:stone_pickaxe":88,"minecraft:oak_planks":114,"minecraft:wooden_pickaxe":74,"minecraft:blue_bed":9,"farmersdelight:onion":9,"minecraft:crafting_table":5,"minecraft:white_bed":13,"minecraft:spruce_log":2,"minecraft:apple":11,"burnt:burnt_dirt":9,"minecraft:bread":45,"minecraft:spruce_trapdoor":2,"minecraft:lilac":2,"supplementaries:flax_seeds":4,"minecraft:stone_axe":148,"minecraft:fishing_rod":59,"burnt:burnt_planks":4,"minecraft:cobblestone":6,"minecraft:cooked_porkchop":4,"alexsmobs:animal_dictionary":5,"minecraft:stripped_oak_log":1,"minecraft:bone_meal":9},"minecraft:killed_by":{"minecraft:player":1},"minecraft:mined":{"burnt:smoldering_leaves":2,"minecraft:white_bed":12,"burnt:burnt_planks":6,"burnt:burnt_leaves":14,"minecraft:oak_door":1,"projectvibrantjourneys:rocks":2,"minecraft:spruce_trapdoor":1,"gravestone:gravestone":1,"minecraft:grass_block":11,"minecraft:spruce_leaves":3,"burnt:smoldering_grass":9,"minecraft:large_fern":3,"minecraft:hay_block":1,"burnt:burnt_grass":1,"minecraft:fire":3,"minecraft:stripped_spruce_log":3,"burnt:burnt_log":23,"minecraft:potatoes":4,"minecraft:lantern":1,"minecraft:stripped_oak_log":1,"projectvibrantjourneys:seashells":3,"minecraft:stone":27,"projectvibrantjourneys:cattail":2,"minecraft:brown_mushroom":1,"minecraft:crafting_table":3,"projectvibrantjourneys:twigs":4,"minecraft:melon":1,"minecraft:chest":4,"burnt:smoldering_leaves_start":12,"minecraft:rose_bush":6,"projectvibrantjourneys:natural_cobweb":4,"farmersdelight:cabbages":1,"minecraft:tall_grass":1,"burnt:burnt_log_broken":19,"biomesoplenty:sprout":1,"minecraft:lily_pad":1,"projectvibrantjourneys:fallen_leaves":3,"minecraft:oak_planks":10,"minecraft:wall_torch":1,"minecraft:blue_bed":9,"minecraft:spruce_stairs":1,"projectvibrantjourneys:light_brown_bark_mushroom":1,"minecraft:birch_log":3,"minecraft:wheat":194,"minecraft:lilac":1,"minecraft:spruce_log":7,"minecraft:grass":38,"minecraft:oak_log":78,"minecraft:coal_ore":13,"projectvibrantjourneys:short_grass":35,"projectvibrantjourneys:pinecones":1,"minecraft:dirt":32,"minecraft:oak_leaves":46,"minecraft:fern":5},"minecraft:picked_up":{"minecraft:charcoal":19,"minecraft:crafting_table":3,"minecraft:wheat":199,"minecraft:brown_mushroom":2,"minecraft:cooked_rabbit":1,"minecraft:potion":1,"minecraft:enchanted_book":4,"minecraft:golden_sword":1,"minecraft:string":42,"minecraft:raw_copper":23,"minecraft:cooked_salmon":10,"minecraft:pufferfish":7,"minecraft:gold_nugget":4,"minecraft:candle":2,"bosses_of_mass_destruction:soul_star":1,"minecraft:spruce_planks":3,"minecraft:eye_armor_trim_smithing_template":1,"minecraft:beef":1,"minecraft:rose_bush":5,"minecraft:spruce_slab":1,"minecraft:melon_slice":5,"minecraft:birch_sapling":1,"minecraft:chest":4,"farmersdelight:cabbage_seeds":8,"minecraft:spruce_trapdoor":2,"burnt:burnt_planks":6,"minecraft:raw_iron":2,"minecraft:stick":17,"minecraft:oak_door":1,"projectvibrantjourneys:bark_mushroom":1,"minecraft:torch":1,"minecraft:bowl":1,"minecraft:spruce_stairs":5,"epicfight:skillbook":1,"minecraft:porkchop":5,"minecraft:cookie":1,"minecraft:redstone":1,"minecraft:iron_horse_armor":1,"minecraft:arrow":13,"minecraft:rotten_flesh":13,"minecraft:cooked_cod":28,"minecraft:tropical_fish":2,"burnt:burnt_log":23,"farmersdelight:onion":10,"minecraft:hay_block":1,"minecraft:carved_pumpkin":2,"farmersdelight:rope":16,"supplementaries:ash":8,"minecraft:mutton":5,"minecraft:cod":28,"minecraft:cobblestone":62,"minecraft:white_wool":3,"minecraft:stripped_oak_log":2,"minecraft:birch_log":3,"minecraft:cooked_beef":9,"minecraft:lilac":2,"farmersdelight:rice":1,"minecraft:tripwire_hook":1,"minecraft:salmon":10,"projectvibrantjourneys:fallen_leaves":2,"minecraft:potato":12,"alexsmobs:bear_fur":5,"minecraft:oak_log":82,"minecraft:lily_pad":15,"minecraft:gunpowder":25,"minecraft:blue_bed":9,"minecraft:dirt":88,"minecraft:lantern":1,"minecraft:cooked_mutton":5,"minecraft:bone":6,"minecraft:apple":6,"minecraft:bow":2,"minecraft:wheat_seeds":541,"alexsmobs:cockroach_wing_fragment":1,"minecraft:rabbit_hide":1,"minecraft:rabbit":1,"minecraft:oak_planks":8,"projectvibrantjourneys:light_brown_bark_mushroom":4,"minecraft:milk_bucket":1,"minecraft:music_disc_13":1,"minecraft:cooked_porkchop":5,"alexsmobs:fish_bones":2,"minecraft:dandelion":2,"burnt:burnt_dirt":9,"minecraft:sand":5,"minecraft:stripped_spruce_log":4,"minecraft:spruce_sapling":2,"minecraft:ink_sac":11,"minecraft:white_bed":12,"minecraft:spruce_log":8,"biomesoplenty:maple_sapling":6,"minecraft:spruce_boat":3,"minecraft:diamond":1,"minecraft:bone_meal":9,"minecraft:emerald":7,"alexsmobs:maggot":8,"projectvibrantjourneys:orange_bark_mushroom":1,"minecraft:oak_sapling":28,"minecraft:melon_seeds":4,"minecraft:coal":26,"minecraft:ender_pearl":2},"minecraft:custom":{"minecraft:mob_kills":33,"minecraft:interact_with_crafting_table":41,"minecraft:open_barrel":7,"minecraft:interact_with_campfire":58,"minecraft:leave_game":10,"minecraft:time_since_death":469370,"minecraft:climb_one_cm":29404,"minecraft:sprint_one_cm":1407097,"minecraft:walk_one_cm":2942660,"minecraft:drop":34,"minecraft:talked_to_villager":2,"minecraft:play_time":558331,"minecraft:deaths":1,"minecraft:sneak_time":2148,"minecraft:walk_under_water_one_cm":92954,"minecraft:boat_one_cm":686852,"minecraft:jump":2822,"minecraft:walk_on_water_one_cm":113336,"minecraft:total_world_time":558331,"minecraft:sleep_in_bed":32,"minecraft:time_since_rest":44214,"minecraft:damage_taken":4465,"minecraft:damage_dealt":5736,"minecraft:swim_one_cm":75879,"minecraft:fly_one_cm":504901,"minecraft:open_chest":161,"minecraft:crouch_one_cm":10590,"minecraft:fish_caught":47,"minecraft:interact_with_smoker":2,"minecraft:fall_one_cm":50941,"minecraft:horse_one_cm":6803},"minecraft:killed":{"minecraft:spider":1,"minecraft:skeleton":2,"minecraft:drowned":1,"minecraft:pig":2,"alexsmobs:grizzly_bear":3,"minecraft:sheep":3,"minecraft:pillager":7,"alexsmobs:cockroach":1,"minecraft:zombie":9,"alexsmobs:fly":3},"minecraft:dropped":{"minecraft:bread":66,"minecraft:wheat_seeds":10,"minecraft:oak_log":4,"minecraft:cooked_porkchop":1,"minecraft:dirt":11,"minecraft:ink_sac":1,"minecraft:cooked_cod":11,"farmersdelight:onion":11,"minecraft:pumpkin_pie":8,"minecraft:bucket":1,"minecraft:dandelion":1,"minecraft:rotten_flesh":1,"minecraft:oak_planks":16,"minecraft:stripped_oak_log":2,"minecraft:rabbit_hide":1,"minecraft:spruce_planks":1,"minecraft:carved_pumpkin":1,"minecraft:golden_sword":1,"minecraft:arrow":2,"minecraft:bow":1,"minecraft:cooked_rabbit":1}},"DataVersion":3465}