{"stats":{"minecraft:killed":{"minecraft:pig":2,"minecraft:sheep":3,"minecraft:skeleton":2,"alexsmobs:cockroach":1,"minecraft:zombie":6,"alexsmobs:fly":2},"minecraft:broken":{"minecraft:stone_pickaxe":1,"minecraft:wooden_pickaxe":1},"minecraft:custom":{"minecraft:mob_kills":17,"minecraft:interact_with_crafting_table":9,"minecraft:open_barrel":1,"minecraft:interact_with_campfire":10,"minecraft:leave_game":8,"minecraft:time_since_death":151804,"minecraft:sleep_in_bed":7,"minecraft:climb_one_cm":8320,"minecraft:time_since_rest":14099,"minecraft:sprint_one_cm":565257,"minecraft:damage_taken":2915,"minecraft:walk_one_cm":1229298,"minecraft:drop":4,"minecraft:damage_dealt":2943,"minecraft:swim_one_cm":33884,"minecraft:talked_to_villager":2,"minecraft:fly_one_cm":294907,"minecraft:open_chest":37,"minecraft:crouch_one_cm":8401,"minecraft:play_time":240765,"minecraft:deaths":1,"minecraft:sneak_time":1265,"minecraft:walk_under_water_one_cm":23447,"minecraft:jump":1546,"minecraft:walk_on_water_one_cm":66737,"minecraft:interact_with_smoker":2,"minecraft:total_world_time":240765,"minecraft:fall_one_cm":24390,"minecraft:horse_one_cm":6803},"minecraft:mined":{"minecraft:brown_mushroom":1,"minecraft:white_bed":1,"projectvibrantjourneys:rocks":2,"minecraft:crafting_table":1,"minecraft:spruce_trapdoor":1,"gravestone:gravestone":1,"minecraft:grass_block":1,"minecraft:spruce_leaves":3,"biomesoplenty:sprout":1,"minecraft:lily_pad":1,"minecraft:large_fern":3,"minecraft:spruce_log":7,"minecraft:stripped_spruce_log":3,"minecraft:grass":23,"minecraft:coal_ore":13,"projectvibrantjourneys:short_grass":24,"minecraft:dirt":4,"projectvibrantjourneys:seashells":2,"minecraft:stone":27,"minecraft:fern":2},"minecraft:picked_up":{"minecraft:crafting_table":1,"minecraft:wheat":1,"minecraft:brown_mushroom":1,"minecraft:lily_pad":1,"minecraft:dirt":33,"minecraft:cooked_mutton":5,"minecraft:bone":1,"minecraft:wheat_seeds":13,"minecraft:candle":1,"alexsmobs:cockroach_wing_fragment":1,"minecraft:spruce_slab":1,"minecraft:spruce_trapdoor":2,"minecraft:raw_iron":1,"minecraft:stick":1,"minecraft:cooked_porkchop":5,"alexsmobs:fish_bones":1,"minecraft:spruce_stairs":2,"minecraft:porkchop":5,"minecraft:sand":5,"minecraft:stripped_spruce_log":4,"minecraft:spruce_sapling":2,"minecraft:ink_sac":6,"minecraft:spruce_log":8,"minecraft:white_bed":1,"minecraft:arrow":6,"minecraft:rotten_flesh":10,"supplementaries:ash":1,"alexsmobs:maggot":3,"minecraft:mutton":5,"minecraft:coal":13,"minecraft:white_wool":3,"minecraft:cobblestone":34},"minecraft:crafted":{"minecraft:crafting_table":2,"minecraft:spruce_planks":24,"minecraft:wooden_pickaxe":2,"minecraft:stick":8,"minecraft:stone_pickaxe":2,"minecraft:white_bed":1},"minecraft:killed_by":{"minecraft:player":1},"minecraft:used":{"minecraft:cooked_mutton":5,"minecraft:stone_pickaxe":88,"minecraft:spruce_slab":1,"minecraft:wooden_pickaxe":53,"minecraft:rotten_flesh":3,"minecraft:dirt":33,"minecraft:crafting_table":2,"minecraft:white_bed":2,"minecraft:spruce_log":2,"minecraft:stripped_spruce_log":4,"minecraft:bread":21,"minecraft:spruce_trapdoor":2,"alexsmobs:animal_dictionary":1},"minecraft:dropped":{"minecraft:wheat_seeds":4,"minecraft:ink_sac":1}},"DataVersion":3465}