{"stats":{"minecraft:broken":{"minecraft:stone_sword":1,"minecraft:wooden_pickaxe":2,"minecraft:stone_pickaxe":1},"minecraft:crafted":{"minecraft:oak_door":3,"minecraft:oak_planks":168,"minecraft:flint_and_steel":1,"minecraft:stone_pickaxe":2,"minecraft:chest":1,"minecraft:wheat":9,"minecraft:crafting_table":2,"minecraft:spruce_planks":32,"minecraft:wooden_pickaxe":2,"minecraft:stone_axe":1,"minecraft:bread":13,"minecraft:stick":12,"minecraft:stone_sword":2,"minecraft:white_bed":1},"minecraft:used":{"minecraft:rose_bush":5,"minecraft:stone_sword":144,"minecraft:flint_and_steel":3,"minecraft:carved_pumpkin":1,"minecraft:spruce_slab":1,"minecraft:chest":5,"minecraft:rotten_flesh":3,"minecraft:oak_door":1,"minecraft:torch":1,"minecraft:dirt":62,"projectvibrantjourneys:bark_mushroom":1,"minecraft:stripped_spruce_log":4,"minecraft:milk_bucket":1,"minecraft:spruce_boat":2,"alexsmobs:maggot":2,"projectvibrantjourneys:fallen_leaves":2,"minecraft:lantern":1,"minecraft:bow":17,"minecraft:potato":7,"minecraft:wheat_seeds":64,"minecraft:cooked_mutton":5,"minecraft:stone_pickaxe":88,"minecraft:oak_planks":110,"minecraft:wooden_pickaxe":74,"minecraft:blue_bed":9,"farmersdelight:onion":4,"minecraft:crafting_table":5,"minecraft:white_bed":13,"minecraft:spruce_log":2,"minecraft:apple":8,"minecraft:bread":42,"minecraft:spruce_trapdoor":2,"minecraft:lilac":2,"minecraft:stone_axe":58,"minecraft:cobblestone":6,"minecraft:cooked_porkchop":4,"alexsmobs:animal_dictionary":3,"minecraft:bone_meal":1},"minecraft:killed_by":{"minecraft:player":1},"minecraft:mined":{"minecraft:white_bed":12,"projectvibrantjourneys:rocks":2,"minecraft:spruce_trapdoor":1,"gravestone:gravestone":1,"minecraft:grass_block":10,"minecraft:spruce_leaves":3,"minecraft:large_fern":3,"minecraft:hay_block":1,"minecraft:fire":1,"minecraft:stripped_spruce_log":3,"minecraft:lantern":1,"minecraft:stripped_oak_log":1,"projectvibrantjourneys:seashells":3,"minecraft:stone":27,"projectvibrantjourneys:cattail":2,"minecraft:brown_mushroom":1,"minecraft:crafting_table":3,"projectvibrantjourneys:twigs":3,"minecraft:chest":4,"minecraft:rose_bush":6,"projectvibrantjourneys:natural_cobweb":3,"biomesoplenty:sprout":1,"minecraft:lily_pad":1,"projectvibrantjourneys:fallen_leaves":3,"minecraft:oak_planks":8,"minecraft:wall_torch":1,"minecraft:blue_bed":9,"minecraft:spruce_stairs":1,"minecraft:wheat":109,"minecraft:lilac":1,"minecraft:spruce_log":7,"minecraft:grass":31,"minecraft:oak_log":41,"minecraft:coal_ore":13,"projectvibrantjourneys:short_grass":32,"projectvibrantjourneys:pinecones":1,"minecraft:dirt":32,"minecraft:oak_leaves":14,"minecraft:fern":4},"minecraft:picked_up":{"minecraft:crafting_table":3,"minecraft:wheat":111,"minecraft:brown_mushroom":2,"minecraft:cooked_rabbit":1,"minecraft:enchanted_book":4,"minecraft:golden_sword":1,"minecraft:string":25,"minecraft:gold_nugget":4,"minecraft:candle":2,"minecraft:spruce_planks":3,"minecraft:eye_armor_trim_smithing_template":1,"minecraft:rose_bush":5,"minecraft:spruce_slab":1,"minecraft:chest":4,"farmersdelight:cabbage_seeds":2,"minecraft:spruce_trapdoor":2,"minecraft:raw_iron":2,"minecraft:stick":11,"projectvibrantjourneys:bark_mushroom":1,"minecraft:torch":1,"minecraft:spruce_stairs":5,"minecraft:porkchop":5,"minecraft:cookie":1,"minecraft:arrow":13,"minecraft:rotten_flesh":13,"farmersdelight:onion":10,"minecraft:hay_block":1,"minecraft:carved_pumpkin":2,"supplementaries:ash":2,"minecraft:mutton":5,"minecraft:cobblestone":62,"minecraft:white_wool":3,"minecraft:stripped_oak_log":2,"minecraft:lilac":2,"farmersdelight:rice":1,"projectvibrantjourneys:fallen_leaves":2,"minecraft:potato":5,"alexsmobs:bear_fur":5,"minecraft:oak_log":45,"minecraft:lily_pad":13,"minecraft:blue_bed":9,"minecraft:dirt":87,"minecraft:lantern":1,"minecraft:cooked_mutton":5,"minecraft:bone":1,"minecraft:bow":1,"minecraft:wheat_seeds":313,"alexsmobs:cockroach_wing_fragment":1,"minecraft:rabbit_hide":1,"minecraft:rabbit":1,"minecraft:oak_planks":6,"minecraft:milk_bucket":1,"minecraft:cooked_porkchop":5,"alexsmobs:fish_bones":2,"minecraft:dandelion":2,"minecraft:sand":5,"minecraft:stripped_spruce_log":4,"minecraft:spruce_sapling":2,"minecraft:ink_sac":11,"minecraft:white_bed":12,"minecraft:spruce_log":8,"biomesoplenty:maple_sapling":6,"minecraft:spruce_boat":3,"minecraft:diamond":1,"minecraft:bone_meal":1,"minecraft:emerald":7,"alexsmobs:maggot":8,"minecraft:oak_sapling":1,"minecraft:coal":26,"minecraft:ender_pearl":2},"minecraft:custom":{"minecraft:mob_kills":33,"minecraft:interact_with_crafting_table":30,"minecraft:open_barrel":7,"minecraft:interact_with_campfire":11,"minecraft:leave_game":10,"minecraft:time_since_death":355370,"minecraft:climb_one_cm":29288,"minecraft:sprint_one_cm":1165459,"minecraft:walk_one_cm":2350786,"minecraft:drop":32,"minecraft:talked_to_villager":2,"minecraft:play_time":444331,"minecraft:deaths":1,"minecraft:sneak_time":2114,"minecraft:walk_under_water_one_cm":92673,"minecraft:boat_one_cm":686852,"minecraft:jump":2587,"minecraft:walk_on_water_one_cm":111869,"minecraft:total_world_time":444331,"minecraft:sleep_in_bed":23,"minecraft:time_since_rest":13505,"minecraft:damage_taken":4345,"minecraft:damage_dealt":5726,"minecraft:swim_one_cm":75879,"minecraft:fly_one_cm":465338,"minecraft:open_chest":125,"minecraft:crouch_one_cm":10527,"minecraft:interact_with_smoker":2,"minecraft:fall_one_cm":48458,"minecraft:horse_one_cm":6803},"minecraft:killed":{"minecraft:spider":1,"minecraft:skeleton":2,"minecraft:drowned":1,"minecraft:pig":2,"alexsmobs:grizzly_bear":3,"minecraft:sheep":3,"minecraft:pillager":7,"alexsmobs:cockroach":1,"minecraft:zombie":9,"alexsmobs:fly":3},"minecraft:dropped":{"minecraft:bread":29,"minecraft:wheat_seeds":10,"minecraft:oak_log":4,"minecraft:cooked_porkchop":1,"minecraft:dirt":11,"minecraft:ink_sac":1,"farmersdelight:onion":11,"minecraft:pumpkin_pie":8,"minecraft:bucket":1,"minecraft:dandelion":1,"minecraft:rotten_flesh":1,"minecraft:oak_planks":16,"minecraft:stripped_oak_log":2,"minecraft:rabbit_hide":1,"minecraft:spruce_planks":1,"minecraft:carved_pumpkin":1,"minecraft:golden_sword":1,"minecraft:arrow":2,"minecraft:bow":1,"minecraft:cooked_rabbit":1}},"DataVersion":3465}