{"stats":{"minecraft:mined":{"gravestone:gravestone":1,"minecraft:grass":11,"projectvibrantjourneys:short_grass":8,"projectvibrantjourneys:seashells":2},"minecraft:dropped":{"minecraft:ink_sac":1},"minecraft:used":{"minecraft:rotten_flesh":3},"minecraft:custom":{"minecraft:open_chest":1,"minecraft:time_since_rest":1927,"minecraft:crouch_one_cm":5158,"minecraft:play_time":105194,"minecraft:sprint_one_cm":64697,"minecraft:damage_taken":1750,"minecraft:deaths":1,"minecraft:walk_one_cm":482255,"minecraft:sneak_time":764,"minecraft:walk_under_water_one_cm":14374,"minecraft:mob_kills":1,"minecraft:drop":1,"minecraft:jump":199,"minecraft:damage_dealt":720,"minecraft:leave_game":8,"minecraft:time_since_death":16233,"minecraft:walk_on_water_one_cm":17896,"minecraft:sleep_in_bed":3,"minecraft:climb_one_cm":1714,"minecraft:total_world_time":105194,"minecraft:talked_to_villager":1,"minecraft:fall_one_cm":2210,"minecraft:fly_one_cm":16135},"minecraft:killed":{"minecraft:skeleton":1},"minecraft:picked_up":{"minecraft:arrow":1,"minecraft:rotten_flesh":3,"minecraft:wheat_seeds":1,"minecraft:ink_sac":3},"minecraft:killed_by":{"minecraft:player":1}},"DataVersion":3465}