{"stats":{"minecraft:broken":{"minecraft:wooden_pickaxe":2,"minecraft:stone_pickaxe":5},"minecraft:killed":{"minecraft:spider":1,"minecraft:skeleton":1,"minecraft:husk":1,"minecraft:zombie":6},"minecraft:used":{"minecraft:poppy":1,"minecraft:chest":1,"minecraft:iron_sword":46,"minecraft:iron_chestplate":1,"minecraft:torch":24,"minecraft:dirt":24,"projectvibrantjourneys:bark_mushroom":3,"regions_unexplored:kapok_door":2,"minecraft:iron_helmet":1,"regions_unexplored:elephant_ear":1,"minecraft:iron_boots":1,"projectvibrantjourneys:orange_bark_mushroom":1,"minecraft:cobbled_deepslate":69,"projectvibrantjourneys:light_brown_bark_mushroom":1,"epicfight:skillbook":1,"minecraft:diorite":15,"minecraft:iron_ore":53,"regions_unexplored:redstone_bulb":3,"minecraft:stone_pickaxe":658,"minecraft:wooden_pickaxe":80,"minecraft:green_bed":4,"minecraft:sand":9,"regions_unexplored:raw_redstone_block":2,"minecraft:crafting_table":8,"minecraft:apple":6,"minecraft:bread":30,"regions_unexplored:kapok_planks":83,"minecraft:melon_slice":45,"minecraft:iron_pickaxe":157,"minecraft:fishing_rod":16,"minecraft:cobblestone":4,"epicfight:uchigatana":9},"minecraft:crafted":{"minecraft:wooden_sword":1,"minecraft:fishing_rod":1,"regions_unexplored:kapok_planks":96,"regions_unexplored:joshua_planks":8,"regions_unexplored:kapok_door":3,"minecraft:stone_pickaxe":5,"minecraft:wheat":45,"minecraft:cooked_cod":4,"minecraft:crafting_table":1,"minecraft:wooden_pickaxe":1,"minecraft:cooked_salmon":3,"minecraft:bread":41,"minecraft:golden_apple":1,"minecraft:stick":20,"minecraft:iron_ingot":53,"minecraft:iron_pickaxe":1,"minecraft:acacia_planks":24,"minecraft:torch":40},"minecraft:mined":{"minecraft:attached_melon_stem":1,"regions_unexplored:joshua_beard":2,"biomesoplenty:desert_grass":1,"projectvibrantjourneys:rocks":1,"gravestone:gravestone":6,"regions_unexplored:kapok_log":24,"minecraft:acacia_log":6,"minecraft:grass_block":21,"regions_unexplored:elephant_ear":5,"minecraft:moss_block":1,"regions_unexplored:raw_redstone_block":6,"minecraft:hay_block":5,"minecraft:redstone_ore":4,"regions_unexplored:pointed_redstone":4,"minecraft:iron_ore":110,"minecraft:cobbled_deepslate":14,"projectvibrantjourneys:orange_bark_mushroom":1,"projectvibrantjourneys:bark_mushroom":2,"minecraft:pumpkin":2,"minecraft:deepslate_iron_ore":1,"regions_unexplored:kapok_planks":14,"minecraft:vine":1,"minecraft:stone":299,"minecraft:green_bed":4,"regions_unexplored:redstone_bulb":4,"minecraft:acacia_leaves":1,"minecraft:melon_stem":1,"minecraft:crafting_table":9,"projectvibrantjourneys:twigs":6,"minecraft:melon":15,"regions_unexplored:small_desert_shrub":2,"minecraft:chest":1,"projectvibrantjourneys:mossy_rocks":1,"minecraft:tall_grass":1,"minecraft:cobblestone":2,"biomesoplenty:sprout":2,"minecraft:lapis_ore":9,"minecraft:lily_pad":1,"minecraft:sugar_cane":2,"minecraft:diorite":15,"minecraft:wall_torch":3,"projectvibrantjourneys:light_brown_bark_mushroom":1,"regions_unexplored:redstone_bud":40,"regions_unexplored:sandy_grass":1,"minecraft:grass":26,"regions_unexplored:joshua_log":2,"minecraft:coal_ore":153,"projectvibrantjourneys:short_grass":5,"minecraft:sand":12,"minecraft:dirt":13,"minecraft:gold_ore":19,"minecraft:oak_leaves":2,"minecraft:deepslate":240,"minecraft:fern":5},"minecraft:killed_by":{"minecraft:husk":5,"minecraft:player":1,"minecraft:skeleton":1,"minecraft:zombie":1},"minecraft:custom":{"minecraft:mob_kills":12,"minecraft:interact_with_crafting_table":31,"minecraft:open_barrel":2,"minecraft:leave_game":1,"minecraft:time_since_death":114331,"minecraft:climb_one_cm":15913,"minecraft:sprint_one_cm":852719,"minecraft:walk_one_cm":1643370,"minecraft:drop":26,"minecraft:talked_to_villager":4,"minecraft:play_time":345071,"minecraft:deaths":8,"minecraft:sneak_time":2971,"minecraft:walk_under_water_one_cm":1524,"minecraft:jump":2365,"minecraft:walk_on_water_one_cm":27703,"minecraft:total_world_time":345071,"minecraft:interact_with_furnace":21,"minecraft:sleep_in_bed":14,"minecraft:time_since_rest":105758,"minecraft:damage_taken":4107,"minecraft:damage_dealt":1615,"minecraft:swim_one_cm":11348,"minecraft:fly_one_cm":254374,"minecraft:open_chest":114,"minecraft:crouch_one_cm":10536,"minecraft:fish_caught":8,"minecraft:fall_one_cm":39489},"minecraft:dropped":{"minecraft:bread":34,"minecraft:wheat_seeds":1,"minecraft:coal":24,"minecraft:melon_slice":9,"gravestone:obituary":1,"minecraft:wooden_sword":2,"minecraft:redstone":1,"epicfight:uchigatana":4,"alexsmobs:animal_dictionary":1,"supplementaries:ash":1},"minecraft:picked_up":{"regions_unexplored:pointed_redstone":10,"minecraft:iron_chestplate":1,"minecraft:crafting_table":9,"minecraft:wooden_pickaxe":1,"minecraft:enchanted_book":4,"gravestone:obituary":1,"minecraft:music_disc_cat":1,"minecraft:string":4,"alexsmobs:ancient_dart":2,"minecraft:wooden_sword":1,"minecraft:sticky_piston":3,"minecraft:pufferfish":1,"minecraft:cobbled_deepslate":318,"minecraft:melon_slice":78,"minecraft:sugar_cane":3,"minecraft:chest":1,"minecraft:iron_boots":1,"minecraft:stick":10,"minecraft:raw_iron":112,"regions_unexplored:kapok_planks":14,"regions_unexplored:elephant_ear":4,"projectvibrantjourneys:bark_mushroom":3,"minecraft:green_bed":5,"minecraft:torch":3,"minecraft:acacia_log":6,"epicfight:skillbook":1,"minecraft:diorite":15,"regions_unexplored:raw_redstone_block":4,"minecraft:redstone":80,"regions_unexplored:kapok_log":24,"minecraft:rotten_flesh":5,"minecraft:arrow":2,"regions_unexplored:redstone_bulb":5,"regions_unexplored:joshua_log":2,"minecraft:vex_armor_trim_smithing_template":2,"minecraft:hay_block":5,"minecraft:iron_block":7,"minecraft:saddle":1,"minecraft:gold_ingot":11,"supplementaries:ash":1,"minecraft:cod":4,"minecraft:cobblestone":359,"minecraft:repeater":1,"minecraft:salmon":3,"minecraft:potato":1,"minecraft:lily_pad":2,"minecraft:gunpowder":5,"minecraft:lapis_lazuli":55,"minecraft:dirt":28,"minecraft:name_tag":1,"minecraft:bone":3,"minecraft:wheat_seeds":5,"minecraft:raw_gold":19,"minecraft:iron_ingot":1,"minecraft:iron_ore":53,"minecraft:moss_block":1,"minecraft:iron_sword":1,"projectvibrantjourneys:light_brown_bark_mushroom":1,"minecraft:pumpkin":2,"minecraft:music_disc_13":1,"minecraft:sand":11,"epicfight:uchigatana":5,"alexsmobs:animal_dictionary":2,"minecraft:dispenser":2,"minecraft:diamond":2,"minecraft:iron_helmet":1,"minecraft:bread":2,"projectvibrantjourneys:orange_bark_mushroom":1,"minecraft:baked_potato":1,"minecraft:melon_seeds":2,"minecraft:coal":151}},"DataVersion":3465}