{"stats":{"minecraft:used":{"minecraft:poppy":1,"minecraft:chest":3,"minecraft:decorated_pot":4,"minecraft:iron_sword":145,"minecraft:iron_chestplate":1,"minecraft:jungle_planks":19,"minecraft:carrot":47,"minecraft:lantern":3,"minecraft:iron_helmet":1,"minecraft:stone_bricks":2,"minecraft:written_book":2,"minecraft:hay_block":1,"minecraft:sweet_berries":44,"minecraft:furnace":4,"minecraft:potato":51,"goblins_tyranny:goblins_tyranny_guide":1,"projectvibrantjourneys:light_brown_bark_mushroom":1,"epicfight:skillbook":1,"minecraft:diorite":15,"regions_unexplored:redstone_bulb":3,"minecraft:stone_pickaxe":1607,"minecraft:jungle_fence":3,"minecraft:wooden_pickaxe":80,"minecraft:composter":1,"burnt:hot_spring_water_bucket":8,"minecraft:sand":9,"regions_unexplored:raw_redstone_block":2,"minecraft:shears":1,"minecraft:pumpkin_seeds":4,"regions_unexplored:kapok_planks":83,"minecraft:bread":35,"minecraft:melon_slice":62,"minecraft:coarse_dirt":6,"minecraft:bone_meal":9,"minecraft:carved_pumpkin":1,"farmersdelight:rich_soil":3,"minecraft:cooked_salmon":3,"minecraft:torch":101,"minecraft:dirt":91,"regions_unexplored:magnolia_sapling":2,"projectvibrantjourneys:bark_mushroom":5,"minecraft:iron_hoe":168,"alexsmobs:maggot":1,"regions_unexplored:kapok_door":2,"minecraft:iron_axe":123,"regions_unexplored:day_lily":1,"minecraft:jungle_log":1,"regions_unexplored:elephant_ear":1,"minecraft:iron_boots":1,"minecraft:melon_seeds":2,"projectvibrantjourneys:orange_bark_mushroom":3,"alexsmobs:banana":1,"minecraft:cobbled_deepslate":109,"minecraft:pumpkin":1,"minecraft:wheat_seeds":440,"minecraft:iron_ore":53,"minecraft:baked_potato":1,"minecraft:green_bed":11,"minecraft:cracked_stone_bricks":1,"goblins_tyranny:hut_torch":3,"regions_unexplored:tsubaki":7,"farmersdelight:onion":9,"minecraft:crafting_table":20,"regions_unexplored:magnolia_shrub":1,"minecraft:campfire":1,"minecraft:smoker":1,"minecraft:apple":10,"minecraft:iron_pickaxe":1243,"regions_unexplored:magnolia_trapdoor":51,"minecraft:fishing_rod":19,"minecraft:cobblestone":77,"minecraft:cooked_porkchop":2,"minecraft:bucket":8,"regions_unexplored:pink_magnolia_shrub":1,"alexsmobs:animal_dictionary":1,"epicfight:uchigatana":9},"minecraft:killed":{"minecraft:spider":1,"minecraft:skeleton":2,"minecraft:pig":2,"minecraft:creeper":1,"minecraft:pillager":1,"minecraft:zombie":12,"alexsmobs:fly":1,"minecraft:vindicator":1,"minecraft:husk":1},"minecraft:broken":{"minecraft:stone_pickaxe":12,"minecraft:wooden_pickaxe":2,"minecraft:iron_pickaxe":4},"minecraft:custom":{"minecraft:interact_with_crafting_table":103,"minecraft:open_barrel":2,"minecraft:leave_game":2,"minecraft:time_since_death":546462,"minecraft:sprint_one_cm":1465373,"minecraft:drop":57,"minecraft:talked_to_villager":4,"minecraft:play_time":777202,"minecraft:deaths":8,"minecraft:jump":4956,"minecraft:walk_on_water_one_cm":29773,"minecraft:interact_with_furnace":100,"minecraft:sleep_in_bed":46,"minecraft:damage_dealt":3847,"minecraft:crouch_one_cm":16419,"minecraft:interact_with_smoker":8,"minecraft:mob_kills":32,"minecraft:interact_with_campfire":5,"minecraft:climb_one_cm":91635,"minecraft:walk_one_cm":4235896,"minecraft:sneak_time":4986,"minecraft:walk_under_water_one_cm":1524,"minecraft:interact_with_blast_furnace":14,"minecraft:total_world_time":777202,"minecraft:time_since_rest":98975,"minecraft:damage_taken":5171,"minecraft:swim_one_cm":11724,"minecraft:fly_one_cm":495642,"minecraft:open_chest":234,"minecraft:fish_caught":8,"minecraft:fall_one_cm":58908},"minecraft:crafted":{"minecraft:cooked_chicken":4,"regions_unexplored:kapok_planks":96,"minecraft:cooked_mutton":12,"minecraft:melon_seeds":2,"minecraft:chest":1,"minecraft:smoker":1,"minecraft:crafting_table":4,"minecraft:wooden_pickaxe":1,"minecraft:baked_potato":41,"minecraft:clock":1,"minecraft:hay_block":1,"minecraft:pumpkin_seeds":4,"minecraft:campfire":1,"minecraft:stick":36,"minecraft:iron_ingot":263,"minecraft:iron_pickaxe":5,"minecraft:iron_block":18,"minecraft:gold_ingot":40,"minecraft:composter":1,"minecraft:shears":1,"minecraft:wooden_sword":1,"minecraft:fishing_rod":1,"minecraft:furnace":3,"regions_unexplored:joshua_planks":8,"regions_unexplored:magnolia_trapdoor":50,"minecraft:iron_axe":1,"minecraft:iron_hoe":1,"regions_unexplored:kapok_door":3,"minecraft:stone_pickaxe":13,"minecraft:jungle_fence":3,"regions_unexplored:magnolia_planks":224,"minecraft:wheat":108,"minecraft:cooked_beef":9,"minecraft:cooked_cod":4,"minecraft:cooked_salmon":3,"minecraft:bucket":1,"minecraft:jungle_slab":12,"minecraft:bread":103,"minecraft:air":0,"minecraft:jungle_planks":140,"minecraft:golden_apple":1,"minecraft:iron_leggings":1,"minecraft:acacia_planks":24,"minecraft:torch":104},"minecraft:picked_up":{"regions_unexplored:pointed_redstone":10,"minecraft:iron_chestplate":1,"minecraft:wheat":141,"regions_unexplored:magnolia_log":58,"minecraft:enchanted_book":4,"regions_unexplored:magnolia_shrub":1,"minecraft:string":24,"minecraft:music_disc_cat":1,"alexsmobs:ancient_dart":2,"minecraft:iron_leggings":1,"minecraft:sticky_piston":3,"minecraft:pufferfish":1,"alexsmobs:banana":1,"minecraft:cobbled_deepslate":897,"minecraft:written_book":2,"minecraft:melon_slice":92,"minecraft:iron_boots":2,"minecraft:furnace":2,"minecraft:stick":31,"regions_unexplored:kapok_planks":14,"regions_unexplored:elephant_ear":7,"minecraft:green_bed":12,"minecraft:torch":8,"minecraft:acacia_log":6,"epicfight:skillbook":1,"minecraft:porkchop":2,"regions_unexplored:pink_magnolia_shrub":1,"minecraft:diorite":15,"regions_unexplored:raw_redstone_block":4,"minecraft:rotten_flesh":26,"regions_unexplored:tsubaki":8,"farmersdelight:onion":8,"minecraft:vex_armor_trim_smithing_template":2,"supplementaries:antique_ink":2,"minecraft:iron_block":7,"minecraft:carved_pumpkin":2,"alexsmobs:emu_egg":1,"supplementaries:ash":8,"minecraft:cod":4,"regions_unexplored:magnolia_sapling":6,"minecraft:cobblestone":813,"minecraft:repeater":1,"minecraft:jungle_log":39,"projectvibrantjourneys:fallen_leaves":5,"minecraft:potato":87,"minecraft:tuff":36,"goblins_tyranny:hut_torch":3,"minecraft:lapis_lazuli":112,"minecraft:dirt":120,"minecraft:name_tag":1,"minecraft:bone":4,"minecraft:bow":1,"minecraft:wheat_seeds":449,"minecraft:raw_gold":48,"minecraft:mossy_stone_bricks":13,"minecraft:moss_block":1,"minecraft:cooked_porkchop":4,"minecraft:music_disc_13":1,"minecraft:poisonous_potato":1,"minecraft:jungle_planks":38,"minecraft:sand":13,"projectvibrantjourneys:dead_fallen_leaves":1,"alexsmobs:animal_dictionary":2,"minecraft:dispenser":2,"supplementaries:bamboo_spikes":1,"minecraft:diamond":2,"minecraft:granite":34,"minecraft:bone_meal":9,"regions_unexplored:magnolia_trapdoor":1,"minecraft:bread":2,"minecraft:emerald":32,"alexsmobs:maggot":2,"minecraft:cocoa_beans":11,"minecraft:crafting_table":17,"minecraft:coarse_dirt":9,"minecraft:wooden_pickaxe":1,"gravestone:obituary":1,"minecraft:orange_concrete":87,"minecraft:wooden_sword":1,"minecraft:cracked_stone_bricks":3,"minecraft:beef":9,"minecraft:jungle_sapling":5,"minecraft:sugar_cane":3,"minecraft:chest":2,"farmersdelight:golden_knife":1,"minecraft:raw_iron":227,"regions_unexplored:day_lily":1,"projectvibrantjourneys:bark_mushroom":7,"farmersdelight:tomato_seeds":12,"minecraft:carrot":65,"minecraft:redstone":80,"minecraft:iron_horse_armor":1,"regions_unexplored:kapok_log":24,"minecraft:arrow":5,"regions_unexplored:redstone_bulb":5,"regions_unexplored:joshua_log":2,"minecraft:decorated_pot":4,"minecraft:hay_block":12,"burnt:hot_spring_water_bucket":1,"minecraft:saddle":2,"minecraft:gold_ingot":11,"minecraft:mutton":12,"minecraft:white_wool":6,"farmersdelight:rich_soil":3,"minecraft:basalt":1,"minecraft:salmon":3,"minecraft:oak_log":2,"minecraft:chainmail_chestplate":1,"minecraft:lily_pad":2,"minecraft:gunpowder":16,"minecraft:stone_bricks":19,"minecraft:iron_ingot":1,"minecraft:iron_ore":53,"minecraft:iron_sword":1,"projectvibrantjourneys:light_brown_bark_mushroom":2,"minecraft:pumpkin":9,"minecraft:sweet_berries":164,"minecraft:gravel":14,"goblins_tyranny:goblins_tyranny_guide":1,"epicfight:uchigatana":5,"minecraft:pumpkin_seeds":4,"minecraft:iron_helmet":2,"projectvibrantjourneys:orange_bark_mushroom":4,"minecraft:baked_potato":3,"projectvibrantjourneys:twigs":1,"minecraft:melon_seeds":2,"minecraft:coal":356},"minecraft:dropped":{"minecraft:cooked_beef":9,"minecraft:cooked_porkchop":2,"minecraft:jungle_planks":68,"minecraft:dirt":4,"minecraft:cooked_cod":4,"gravestone:obituary":1,"minecraft:wooden_sword":2,"minecraft:sand":2,"alexsmobs:animal_dictionary":1,"minecraft:cobbled_deepslate":32,"minecraft:wheat":1,"minecraft:rotten_flesh":23,"minecraft:cooked_mutton":12,"supplementaries:ash":1,"minecraft:arrow":3,"minecraft:bread":60,"minecraft:iron_ingot":3,"minecraft:wheat_seeds":1,"minecraft:cobblestone":4,"minecraft:coal":24,"farmersdelight:golden_knife":1,"minecraft:torch":8,"minecraft:melon_slice":27,"minecraft:string":1,"minecraft:redstone":1,"minecraft:sweet_berries":34,"epicfight:uchigatana":4,"burnt:hot_spring_water_bucket":1,"minecraft:carved_pumpkin":1},"minecraft:killed_by":{"minecraft:zombie":1,"minecraft:husk":5,"minecraft:player":1,"minecraft:skeleton":1},"minecraft:mined":{"minecraft:attached_melon_stem":1,"minecraft:farmland":11,"regions_unexplored:joshua_beard":2,"minecraft:jungle_leaves":14,"regions_unexplored:magnolia_log":59,"minecraft:carved_pumpkin":2,"regions_unexplored:pink_magnolia_shrub":1,"regions_unexplored:kapok_log":24,"minecraft:granite":34,"minecraft:acacia_log":6,"minecraft:grass_block":62,"minecraft:jungle_log":36,"regions_unexplored:elephant_ear":5,"minecraft:orange_concrete":94,"minecraft:magma_block":4,"regions_unexplored:magnolia_trapdoor":1,"regions_unexplored:pointed_redstone":4,"minecraft:iron_ore":144,"minecraft:cobbled_deepslate":14,"projectvibrantjourneys:bark_mushroom":3,"minecraft:pumpkin":9,"minecraft:deepslate_lapis_ore":1,"regions_unexplored:kapok_planks":14,"minecraft:green_bed":12,"minecraft:melon_stem":1,"minecraft:torch":1,"projectvibrantjourneys:twigs":9,"minecraft:melon":15,"regions_unexplored:small_desert_shrub":2,"minecraft:chest":2,"minecraft:cobblestone":2,"projectvibrantjourneys:fallen_leaves":4,"minecraft:sugar_cane":2,"minecraft:wall_torch":6,"regions_unexplored:tsubaki":8,"projectvibrantjourneys:light_brown_bark_mushroom":1,"minecraft:wheat":168,"minecraft:grass":121,"regions_unexplored:joshua_log":2,"minecraft:oak_log":2,"projectvibrantjourneys:short_grass":77,"minecraft:sand":12,"minecraft:dirt":26,"minecraft:oak_leaves":12,"minecraft:deepslate":1293,"minecraft:tuff":54,"farmersdelight:onions":1,"biomesoplenty:desert_grass":1,"projectvibrantjourneys:rocks":4,"gravestone:gravestone":6,"minecraft:decorated_pot":4,"regions_unexplored:magnolia_leaves":1,"minecraft:moss_block":1,"regions_unexplored:raw_redstone_block":6,"minecraft:large_fern":6,"minecraft:hay_block":12,"minecraft:redstone_ore":4,"minecraft:furnace":2,"minecraft:carrots":17,"projectvibrantjourneys:orange_bark_mushroom":1,"minecraft:potatoes":23,"minecraft:deepslate_iron_ore":4,"minecraft:vine":10,"regions_unexplored:medium_grass":42,"minecraft:stone":769,"regions_unexplored:day_lily":1,"goblins_tyranny:hut_torch":3,"regions_unexplored:redstone_bulb":4,"minecraft:acacia_leaves":1,"minecraft:basalt":1,"minecraft:crafting_table":17,"minecraft:emerald_ore":18,"regions_unexplored:volcanic_ash":7,"projectvibrantjourneys:mossy_rocks":2,"minecraft:tall_grass":1,"biomesoplenty:sprout":2,"minecraft:lapis_ore":16,"minecraft:lily_pad":1,"minecraft:diorite":15,"supplementaries:urn":3,"minecraft:coarse_dirt":9,"regions_unexplored:redstone_bud":40,"minecraft:sweet_berry_bush":21,"regions_unexplored:sandy_grass":1,"minecraft:coal_ore":363,"regions_unexplored:magnolia_shrub":2,"minecraft:gravel":14,"minecraft:cobweb":1,"minecraft:cracked_stone_bricks":3,"minecraft:stone_bricks":19,"minecraft:gold_ore":27,"minecraft:mossy_stone_bricks":13,"minecraft:fern":13}},"DataVersion":3465}