{"stats":{"minecraft:crafted":{"minecraft:crafting_table":2,"minecraft:spruce_planks":24,"minecraft:wooden_pickaxe":2,"minecraft:stick":8,"minecraft:stone_pickaxe":2,"minecraft:white_bed":1},"minecraft:mined":{"minecraft:brown_mushroom":1,"minecraft:white_bed":1,"projectvibrantjourneys:rocks":2,"minecraft:crafting_table":1,"gravestone:gravestone":1,"minecraft:grass_block":1,"minecraft:spruce_leaves":3,"minecraft:lily_pad":1,"minecraft:large_fern":3,"minecraft:spruce_log":7,"minecraft:grass":23,"minecraft:coal_ore":13,"projectvibrantjourneys:short_grass":24,"minecraft:dirt":4,"projectvibrantjourneys:seashells":2,"minecraft:stone":27,"minecraft:fern":2},"minecraft:dropped":{"minecraft:wheat_seeds":4,"minecraft:ink_sac":1},"minecraft:custom":{"minecraft:mob_kills":12,"minecraft:interact_with_crafting_table":9,"minecraft:interact_with_campfire":5,"minecraft:leave_game":8,"minecraft:time_since_death":100233,"minecraft:sleep_in_bed":5,"minecraft:climb_one_cm":6006,"minecraft:time_since_rest":45429,"minecraft:sprint_one_cm":374260,"minecraft:damage_taken":2715,"minecraft:walk_one_cm":1059097,"minecraft:drop":4,"minecraft:damage_dealt":2181,"minecraft:swim_one_cm":14630,"minecraft:talked_to_villager":2,"minecraft:fly_one_cm":203157,"minecraft:open_chest":18,"minecraft:crouch_one_cm":8089,"minecraft:sneak_time":1225,"minecraft:play_time":189194,"minecraft:deaths":1,"minecraft:walk_under_water_one_cm":23102,"minecraft:jump":1287,"minecraft:walk_on_water_one_cm":64079,"minecraft:interact_with_smoker":1,"minecraft:total_world_time":189194,"minecraft:fall_one_cm":18643,"minecraft:horse_one_cm":2805},"minecraft:used":{"minecraft:cooked_mutton":5,"minecraft:spruce_slab":1,"minecraft:stone_pickaxe":88,"minecraft:wooden_pickaxe":53,"minecraft:rotten_flesh":3,"minecraft:dirt":23,"minecraft:crafting_table":2,"minecraft:white_bed":2,"minecraft:spruce_log":2,"minecraft:stripped_spruce_log":1,"minecraft:bread":13},"minecraft:killed":{"minecraft:pig":2,"minecraft:skeleton":2,"minecraft:sheep":3,"alexsmobs:cockroach":1,"minecraft:zombie":2,"alexsmobs:fly":1},"minecraft:picked_up":{"minecraft:crafting_table":1,"minecraft:wheat":1,"minecraft:brown_mushroom":1,"minecraft:lily_pad":1,"minecraft:dirt":33,"minecraft:cooked_mutton":5,"minecraft:bone":1,"minecraft:wheat_seeds":13,"minecraft:candle":1,"alexsmobs:cockroach_wing_fragment":1,"minecraft:spruce_slab":1,"minecraft:spruce_trapdoor":1,"minecraft:stick":1,"minecraft:raw_iron":1,"minecraft:spruce_stairs":2,"minecraft:porkchop":5,"minecraft:sand":5,"minecraft:stripped_spruce_log":1,"minecraft:spruce_sapling":2,"minecraft:ink_sac":6,"minecraft:white_bed":1,"minecraft:spruce_log":8,"minecraft:arrow":6,"minecraft:rotten_flesh":8,"supplementaries:ash":1,"alexsmobs:maggot":2,"minecraft:mutton":5,"minecraft:coal":13,"minecraft:white_wool":3,"minecraft:cobblestone":34},"minecraft:killed_by":{"minecraft:player":1},"minecraft:broken":{"minecraft:stone_pickaxe":1,"minecraft:wooden_pickaxe":1}},"DataVersion":3465}