{"stats":{"minecraft:dropped":{"minecraft:ink_sac":1},"minecraft:custom":{"minecraft:jump":115,"minecraft:time_since_rest":19995,"minecraft:damage_dealt":270,"minecraft:damage_taken":1060,"minecraft:crouch_one_cm":3117,"minecraft:leave_game":2,"minecraft:play_time":64548,"minecraft:sprint_one_cm":51299,"minecraft:time_since_death":64548,"minecraft:walk_on_water_one_cm":2269,"minecraft:walk_one_cm":228218,"minecraft:sleep_in_bed":2,"minecraft:sneak_time":306,"minecraft:total_world_time":64548,"minecraft:climb_one_cm":1342,"minecraft:walk_under_water_one_cm":452,"minecraft:fall_one_cm":1107,"minecraft:talked_to_villager":1,"minecraft:drop":1,"minecraft:fly_one_cm":12468,"minecraft:open_chest":1},"minecraft:picked_up":{"minecraft:ink_sac":3}},"DataVersion":3465}