{"stats":{"minecraft:killed":{"minecraft:pig":2,"alexsmobs:grizzly_bear":2,"minecraft:sheep":3,"minecraft:skeleton":2,"minecraft:pillager":7,"alexsmobs:cockroach":1,"minecraft:zombie":6,"minecraft:drowned":1,"alexsmobs:fly":3},"minecraft:broken":{"minecraft:stone_pickaxe":1,"minecraft:wooden_pickaxe":1},"minecraft:custom":{"minecraft:mob_kills":28,"minecraft:interact_with_crafting_table":13,"minecraft:open_barrel":6,"minecraft:interact_with_campfire":11,"minecraft:leave_game":8,"minecraft:time_since_death":265804,"minecraft:sleep_in_bed":15,"minecraft:climb_one_cm":27008,"minecraft:time_since_rest":35002,"minecraft:sprint_one_cm":857987,"minecraft:damage_taken":3845,"minecraft:walk_one_cm":1851169,"minecraft:drop":19,"minecraft:damage_dealt":4493,"minecraft:swim_one_cm":68000,"minecraft:talked_to_villager":2,"minecraft:fly_one_cm":360104,"minecraft:open_chest":84,"minecraft:crouch_one_cm":10411,"minecraft:play_time":354765,"minecraft:deaths":1,"minecraft:sneak_time":1875,"minecraft:walk_under_water_one_cm":69329,"minecraft:boat_one_cm":459933,"minecraft:jump":2174,"minecraft:walk_on_water_one_cm":103052,"minecraft:interact_with_smoker":2,"minecraft:total_world_time":354765,"minecraft:fall_one_cm":38956,"minecraft:horse_one_cm":6803},"minecraft:mined":{"projectvibrantjourneys:cattail":2,"minecraft:brown_mushroom":1,"minecraft:white_bed":9,"projectvibrantjourneys:rocks":2,"minecraft:crafting_table":2,"minecraft:spruce_trapdoor":1,"gravestone:gravestone":1,"minecraft:grass_block":7,"minecraft:chest":1,"projectvibrantjourneys:fallen_leaves":1,"minecraft:spruce_leaves":3,"biomesoplenty:sprout":1,"minecraft:oak_planks":5,"minecraft:lily_pad":1,"minecraft:blue_bed":6,"minecraft:spruce_stairs":1,"minecraft:large_fern":3,"minecraft:hay_block":1,"minecraft:spruce_log":7,"minecraft:stripped_spruce_log":3,"minecraft:grass":25,"minecraft:oak_log":3,"minecraft:coal_ore":13,"projectvibrantjourneys:short_grass":26,"minecraft:lantern":1,"minecraft:dirt":32,"projectvibrantjourneys:seashells":3,"minecraft:stone":27,"minecraft:oak_leaves":1,"minecraft:fern":2},"minecraft:picked_up":{"minecraft:crafting_table":2,"minecraft:wheat":2,"farmersdelight:rice":1,"projectvibrantjourneys:fallen_leaves":1,"minecraft:brown_mushroom":2,"minecraft:cooked_rabbit":1,"minecraft:potato":5,"alexsmobs:bear_fur":3,"minecraft:enchanted_book":4,"minecraft:oak_log":7,"minecraft:lily_pad":13,"minecraft:golden_sword":1,"minecraft:lantern":1,"minecraft:blue_bed":6,"minecraft:dirt":84,"minecraft:cooked_mutton":5,"minecraft:bone":1,"minecraft:bow":1,"minecraft:gold_nugget":4,"minecraft:wheat_seeds":19,"minecraft:candle":2,"alexsmobs:cockroach_wing_fragment":1,"minecraft:rabbit_hide":1,"minecraft:spruce_planks":3,"minecraft:eye_armor_trim_smithing_template":1,"minecraft:rabbit":1,"minecraft:spruce_slab":1,"minecraft:oak_planks":3,"minecraft:chest":1,"minecraft:spruce_trapdoor":2,"farmersdelight:cabbage_seeds":2,"minecraft:raw_iron":2,"minecraft:stick":8,"minecraft:cooked_porkchop":5,"alexsmobs:fish_bones":2,"projectvibrantjourneys:bark_mushroom":1,"minecraft:dandelion":2,"minecraft:spruce_stairs":5,"minecraft:porkchop":5,"minecraft:sand":5,"minecraft:stripped_spruce_log":4,"minecraft:spruce_sapling":2,"minecraft:ink_sac":11,"minecraft:spruce_log":8,"minecraft:white_bed":9,"biomesoplenty:maple_sapling":3,"minecraft:arrow":13,"minecraft:rotten_flesh":10,"minecraft:spruce_boat":2,"minecraft:hay_block":1,"minecraft:emerald":7,"supplementaries:ash":2,"alexsmobs:maggot":8,"minecraft:ender_pearl":2,"minecraft:mutton":5,"minecraft:coal":26,"minecraft:white_wool":3,"minecraft:cobblestone":62},"minecraft:crafted":{"minecraft:oak_planks":12,"minecraft:crafting_table":2,"minecraft:spruce_planks":24,"minecraft:wooden_pickaxe":2,"minecraft:bread":13,"minecraft:stick":12,"minecraft:stone_pickaxe":2,"minecraft:stone_sword":1,"minecraft:white_bed":1,"minecraft:wheat":9},"minecraft:killed_by":{"minecraft:player":1},"minecraft:used":{"minecraft:cooked_mutton":5,"minecraft:stone_sword":102,"minecraft:stone_pickaxe":88,"minecraft:spruce_slab":1,"minecraft:chest":1,"minecraft:wooden_pickaxe":54,"minecraft:blue_bed":5,"minecraft:rotten_flesh":3,"farmersdelight:onion":4,"minecraft:dirt":62,"minecraft:crafting_table":3,"projectvibrantjourneys:bark_mushroom":1,"minecraft:white_bed":9,"minecraft:spruce_log":2,"minecraft:stripped_spruce_log":4,"minecraft:spruce_boat":1,"alexsmobs:maggot":2,"projectvibrantjourneys:fallen_leaves":1,"minecraft:lantern":1,"minecraft:bread":35,"minecraft:spruce_trapdoor":2,"minecraft:cobblestone":6,"minecraft:bow":15,"minecraft:cooked_porkchop":4,"alexsmobs:animal_dictionary":3},"minecraft:dropped":{"minecraft:bread":9,"minecraft:wheat_seeds":9,"minecraft:oak_log":4,"minecraft:cooked_porkchop":1,"minecraft:oak_planks":16,"minecraft:rabbit_hide":1,"minecraft:dirt":11,"minecraft:ink_sac":1,"minecraft:spruce_planks":1,"minecraft:golden_sword":1,"minecraft:pumpkin_pie":4,"minecraft:bow":1,"minecraft:dandelion":1}},"DataVersion":3465}