{"stats":{"minecraft:used":{"minecraft:iron_shovel":16,"minecraft:poppy":1,"minecraft:chest":6,"minecraft:decorated_pot":4,"minecraft:iron_sword":252,"minecraft:iron_chestplate":1,"minecraft:jungle_planks":19,"minecraft:carrot":88,"minecraft:lantern":3,"minecraft:iron_helmet":1,"minecraft:stone_bricks":2,"minecraft:bow":8,"minecraft:sweet_berries":181,"minecraft:written_book":2,"minecraft:hay_block":1,"minecraft:furnace":5,"minecraft:potato":104,"goblins_tyranny:goblins_tyranny_guide":1,"projectvibrantjourneys:light_brown_bark_mushroom":1,"epicfight:skillbook":1,"minecraft:diorite":15,"regions_unexplored:redstone_bulb":3,"minecraft:stone_pickaxe":2495,"minecraft:jungle_fence":3,"minecraft:wooden_pickaxe":80,"minecraft:composter":1,"burnt:hot_spring_water_bucket":8,"minecraft:sand":9,"regions_unexplored:raw_redstone_block":2,"minecraft:shears":1,"minecraft:pumpkin_seeds":4,"minecraft:melon_slice":62,"regions_unexplored:kapok_planks":83,"minecraft:bread":51,"minecraft:coarse_dirt":6,"minecraft:bone_meal":9,"minecraft:carved_pumpkin":1,"farmersdelight:rich_soil":3,"minecraft:cooked_salmon":3,"minecraft:torch":185,"minecraft:dirt":147,"minecraft:anvil":1,"regions_unexplored:magnolia_sapling":2,"projectvibrantjourneys:bark_mushroom":5,"minecraft:iron_hoe":168,"regions_unexplored:kapok_door":2,"alexsmobs:maggot":1,"regions_unexplored:day_lily":1,"minecraft:iron_axe":128,"minecraft:jungle_log":1,"regions_unexplored:elephant_ear":1,"minecraft:iron_boots":1,"minecraft:melon_seeds":2,"minecraft:smooth_basalt":2,"minecraft:basalt":2,"projectvibrantjourneys:orange_bark_mushroom":3,"alexsmobs:banana":1,"minecraft:cobbled_deepslate":372,"minecraft:pumpkin":1,"minecraft:wheat_seeds":440,"minecraft:water_bucket":3,"minecraft:iron_ore":53,"minecraft:amethyst_block":4,"minecraft:baked_potato":17,"minecraft:green_bed":26,"goblins_tyranny:hut_torch":3,"minecraft:cracked_stone_bricks":1,"regions_unexplored:tsubaki":7,"farmersdelight:onion":28,"minecraft:terracotta":1,"minecraft:crafting_table":28,"regions_unexplored:magnolia_shrub":1,"minecraft:campfire":1,"minecraft:smoker":1,"minecraft:apple":10,"minecraft:iron_pickaxe":2578,"regions_unexplored:magnolia_trapdoor":56,"minecraft:fishing_rod":19,"minecraft:cobblestone":144,"minecraft:cooked_porkchop":2,"minecraft:bucket":11,"regions_unexplored:pink_magnolia_shrub":1,"alexsmobs:animal_dictionary":1,"epicfight:uchigatana":9},"minecraft:killed":{"minecraft:spider":1,"minecraft:skeleton":6,"minecraft:pig":2,"minecraft:creeper":5,"minecraft:pillager":1,"minecraft:zombie":19,"alexsmobs:fly":1,"minecraft:vindicator":1,"alexsmobs:skreecher":2,"minecraft:husk":1},"minecraft:broken":{"minecraft:stone_pickaxe":19,"minecraft:wooden_pickaxe":2,"minecraft:iron_pickaxe":10},"minecraft:custom":{"minecraft:interact_with_crafting_table":140,"minecraft:open_barrel":2,"minecraft:eat_cake_slice":2,"minecraft:leave_game":5,"minecraft:time_since_death":1030644,"minecraft:sprint_one_cm":2515519,"minecraft:drop":75,"minecraft:talked_to_villager":4,"minecraft:play_time":1261384,"minecraft:deaths":8,"minecraft:interact_with_brewingstand":1,"minecraft:jump":8826,"minecraft:walk_on_water_one_cm":47095,"minecraft:interact_with_furnace":116,"minecraft:sleep_in_bed":73,"minecraft:damage_dealt":6613,"minecraft:crouch_one_cm":113270,"minecraft:interact_with_smoker":39,"minecraft:interact_with_anvil":2,"minecraft:mob_kills":54,"minecraft:interact_with_campfire":5,"minecraft:climb_one_cm":121727,"minecraft:walk_one_cm":6314490,"minecraft:sneak_time":28828,"minecraft:walk_under_water_one_cm":25024,"minecraft:interact_with_blast_furnace":25,"minecraft:total_world_time":1261384,"minecraft:interact_with_stonecutter":1,"minecraft:time_since_rest":3930,"minecraft:damage_taken":6468,"minecraft:swim_one_cm":11724,"minecraft:fly_one_cm":718240,"minecraft:open_chest":382,"minecraft:fish_caught":8,"minecraft:fall_one_cm":86795},"minecraft:crafted":{"minecraft:cooked_chicken":4,"regions_unexplored:kapok_planks":96,"minecraft:cooked_mutton":12,"minecraft:melon_seeds":2,"minecraft:chest":4,"minecraft:smoker":1,"minecraft:crafting_table":5,"minecraft:wooden_pickaxe":1,"minecraft:baked_potato":186,"minecraft:clock":1,"minecraft:hay_block":1,"minecraft:pumpkin_seeds":4,"minecraft:campfire":1,"minecraft:stick":76,"minecraft:iron_ingot":378,"minecraft:iron_pickaxe":10,"minecraft:iron_block":18,"minecraft:gold_ingot":66,"minecraft:composter":1,"minecraft:shears":1,"minecraft:wooden_sword":1,"minecraft:fishing_rod":1,"minecraft:furnace":4,"regions_unexplored:joshua_planks":8,"regions_unexplored:magnolia_trapdoor":60,"minecraft:iron_axe":1,"minecraft:iron_hoe":1,"regions_unexplored:kapok_door":3,"minecraft:stone_pickaxe":19,"minecraft:jungle_fence":3,"regions_unexplored:magnolia_planks":224,"minecraft:wheat":108,"minecraft:cooked_beef":9,"minecraft:cooked_cod":4,"minecraft:iron_sword":1,"minecraft:cooked_salmon":3,"minecraft:bucket":1,"minecraft:jungle_slab":12,"minecraft:bread":103,"minecraft:air":0,"minecraft:jungle_planks":140,"minecraft:golden_apple":1,"minecraft:iron_shovel":1,"minecraft:iron_leggings":1,"minecraft:anvil":1,"minecraft:acacia_planks":24,"minecraft:torch":208},"minecraft:picked_up":{"regions_unexplored:pointed_redstone":10,"minecraft:iron_chestplate":1,"minecraft:wheat":148,"regions_unexplored:magnolia_log":58,"minecraft:enchanted_book":4,"regions_unexplored:magnolia_shrub":2,"minecraft:amethyst_block":13,"minecraft:music_disc_cat":1,"minecraft:string":26,"minecraft:raw_copper":6,"alexsmobs:ancient_dart":2,"minecraft:iron_leggings":1,"minecraft:sticky_piston":3,"minecraft:pufferfish":1,"alexsmobs:banana":1,"minecraft:cobbled_deepslate":1570,"minecraft:bucket":1,"minecraft:written_book":2,"minecraft:calcite":33,"minecraft:melon_slice":99,"minecraft:coal_block":18,"minecraft:iron_boots":2,"minecraft:furnace":2,"minecraft:stick":40,"regions_unexplored:kapok_planks":14,"regions_unexplored:elephant_ear":7,"minecraft:brown_terracotta":38,"minecraft:torch":17,"minecraft:acacia_log":6,"minecraft:green_bed":28,"epicfight:skillbook":1,"minecraft:porkchop":2,"regions_unexplored:pink_magnolia_shrub":1,"regions_unexplored:raw_redstone_block":4,"minecraft:diorite":33,"supplementaries:flax":1,"minecraft:rotten_flesh":37,"regions_unexplored:tsubaki":8,"minecraft:vex_armor_trim_smithing_template":2,"farmersdelight:onion":66,"supplementaries:antique_ink":2,"minecraft:iron_block":7,"minecraft:carved_pumpkin":2,"alexsmobs:emu_egg":1,"minecraft:white_terracotta":120,"supplementaries:ash":9,"minecraft:cod":4,"regions_unexplored:magnolia_sapling":6,"minecraft:cobblestone":1079,"minecraft:magma_block":3,"minecraft:repeater":1,"minecraft:jungle_log":39,"projectvibrantjourneys:fallen_leaves":5,"minecraft:potato":284,"minecraft:tuff":99,"goblins_tyranny:hut_torch":3,"minecraft:lapis_lazuli":161,"minecraft:dirt":191,"minecraft:name_tag":1,"minecraft:bone":9,"minecraft:bow":2,"minecraft:wheat_seeds":474,"minecraft:raw_gold":63,"minecraft:mossy_stone_bricks":13,"minecraft:moss_block":1,"minecraft:cooked_porkchop":4,"minecraft:music_disc_13":1,"minecraft:poisonous_potato":2,"minecraft:jungle_planks":38,"minecraft:sand":13,"projectvibrantjourneys:dead_fallen_leaves":1,"alexsmobs:animal_dictionary":2,"minecraft:dispenser":2,"supplementaries:bamboo_spikes":1,"minecraft:diamond":8,"minecraft:granite":34,"minecraft:bone_meal":9,"regions_unexplored:magnolia_trapdoor":1,"minecraft:bread":2,"minecraft:emerald":217,"alexsmobs:maggot":2,"minecraft:rooted_dirt":1,"minecraft:mud":1,"minecraft:cocoa_beans":11,"minecraft:crafting_table":25,"minecraft:coarse_dirt":11,"minecraft:wooden_pickaxe":1,"gravestone:obituary":1,"minecraft:orange_concrete":125,"minecraft:wooden_sword":1,"minecraft:blackstone":59,"minecraft:cracked_stone_bricks":3,"minecraft:beef":9,"minecraft:jungle_sapling":5,"farmersdelight:golden_knife":1,"minecraft:sugar_cane":3,"minecraft:chest":2,"minecraft:raw_iron":443,"regions_unexplored:day_lily":2,"regions_unexplored:ash_vent":3,"projectvibrantjourneys:bark_mushroom":7,"regions_unexplored:volcanic_ash":19,"farmersdelight:tomato_seeds":12,"minecraft:carrot":148,"minecraft:redstone":90,"minecraft:iron_horse_armor":1,"regions_unexplored:kapok_log":24,"minecraft:tnt":1,"minecraft:arrow":13,"regions_unexplored:redstone_bulb":5,"regions_unexplored:joshua_log":2,"minecraft:decorated_pot":4,"minecraft:hay_block":12,"burnt:hot_spring_water_bucket":1,"minecraft:saddle":2,"minecraft:gold_ingot":11,"minecraft:mutton":12,"minecraft:white_wool":6,"farmersdelight:rich_soil":3,"minecraft:basalt":22,"minecraft:glow_ink_sac":7,"minecraft:salmon":3,"minecraft:red_mushroom":2,"alexsmobs:skreecher_soul":3,"minecraft:lily_pad":2,"minecraft:oak_log":2,"minecraft:chainmail_chestplate":1,"minecraft:golden_boots":1,"minecraft:gunpowder":19,"minecraft:stone_bricks":19,"minecraft:red_sandstone":2,"minecraft:iron_ingot":1,"minecraft:iron_ore":53,"minecraft:iron_sword":2,"projectvibrantjourneys:light_brown_bark_mushroom":2,"minecraft:smooth_basalt":3,"minecraft:pumpkin":14,"minecraft:sweet_berries":244,"minecraft:gravel":39,"goblins_tyranny:goblins_tyranny_guide":1,"minecraft:amethyst_shard":84,"epicfight:uchigatana":5,"minecraft:leather_helmet":1,"minecraft:pumpkin_seeds":4,"minecraft:iron_helmet":2,"minecraft:painting":1,"projectvibrantjourneys:orange_bark_mushroom":4,"minecraft:terracotta":1,"minecraft:baked_potato":3,"projectvibrantjourneys:twigs":1,"minecraft:melon_seeds":4,"minecraft:coal":452,"minecraft:ender_pearl":2},"minecraft:dropped":{"minecraft:cooked_beef":9,"minecraft:ender_pearl":1,"minecraft:cooked_porkchop":2,"minecraft:jungle_planks":68,"minecraft:emerald":93,"minecraft:dirt":4,"minecraft:cooked_cod":4,"gravestone:obituary":1,"supplementaries:flax":1,"minecraft:wooden_sword":2,"minecraft:sand":2,"alexsmobs:animal_dictionary":1,"minecraft:cobbled_deepslate":32,"minecraft:wheat":1,"minecraft:rotten_flesh":23,"minecraft:cooked_mutton":12,"supplementaries:ash":1,"minecraft:arrow":3,"minecraft:bread":60,"minecraft:iron_ingot":3,"minecraft:wheat_seeds":1,"minecraft:tnt":1,"minecraft:cobblestone":4,"minecraft:coal":24,"minecraft:stick":12,"farmersdelight:golden_knife":1,"minecraft:torch":39,"minecraft:melon_slice":27,"minecraft:brown_terracotta":19,"minecraft:string":1,"minecraft:bucket":1,"minecraft:redstone":1,"minecraft:sweet_berries":34,"epicfight:uchigatana":4,"minecraft:iron_hoe":1,"burnt:hot_spring_water_bucket":1,"minecraft:white_terracotta":60,"minecraft:carved_pumpkin":1},"minecraft:killed_by":{"minecraft:zombie":1,"minecraft:husk":5,"minecraft:player":1,"minecraft:skeleton":1},"minecraft:mined":{"minecraft:attached_melon_stem":1,"minecraft:farmland":29,"regions_unexplored:joshua_beard":2,"minecraft:jungle_leaves":14,"regions_unexplored:magnolia_log":59,"minecraft:carved_pumpkin":2,"regions_unexplored:pink_magnolia_shrub":1,"regions_unexplored:kapok_log":24,"minecraft:granite":34,"minecraft:acacia_log":6,"minecraft:grass_block":75,"minecraft:jungle_log":36,"minecraft:coal_block":19,"regions_unexplored:elephant_ear":5,"projectvibrantjourneys:prickly_bush":5,"minecraft:orange_concrete":153,"minecraft:magma_block":11,"regions_unexplored:magnolia_trapdoor":1,"regions_unexplored:pointed_redstone":4,"minecraft:iron_ore":339,"minecraft:cobbled_deepslate":35,"projectvibrantjourneys:bark_mushroom":3,"minecraft:pumpkin":14,"minecraft:deepslate_lapis_ore":7,"regions_unexplored:kapok_planks":14,"minecraft:green_bed":28,"minecraft:deepslate_redstone_ore":2,"minecraft:blackstone":75,"minecraft:melon_stem":1,"minecraft:amethyst_cluster":23,"minecraft:torch":1,"projectvibrantjourneys:twigs":9,"minecraft:calcite":38,"minecraft:melon":16,"minecraft:chest":2,"regions_unexplored:small_desert_shrub":2,"minecraft:dead_bush":2,"minecraft:cobblestone":17,"projectvibrantjourneys:fallen_leaves":4,"minecraft:sugar_cane":2,"minecraft:wall_torch":13,"regions_unexplored:tsubaki":8,"minecraft:amethyst_block":13,"minecraft:white_terracotta":60,"projectvibrantjourneys:light_brown_bark_mushroom":1,"minecraft:wheat":175,"projectvibrantjourneys:bones":1,"minecraft:grass":123,"regions_unexplored:joshua_log":2,"minecraft:oak_log":2,"projectvibrantjourneys:short_grass":80,"minecraft:sand":12,"minecraft:dirt":40,"minecraft:smooth_basalt":21,"minecraft:oak_leaves":24,"minecraft:deepslate":2148,"minecraft:tuff":134,"farmersdelight:onions":15,"minecraft:mossy_cobblestone":3,"minecraft:deepslate_diamond_ore":6,"biomesoplenty:desert_grass":1,"projectvibrantjourneys:rocks":7,"minecraft:glow_lichen":1,"gravestone:gravestone":7,"minecraft:decorated_pot":4,"regions_unexplored:magnolia_leaves":2,"minecraft:moss_block":1,"minecraft:red_mushroom":4,"regions_unexplored:raw_redstone_block":6,"minecraft:rooted_dirt":1,"minecraft:large_fern":6,"minecraft:hay_block":12,"minecraft:redstone_ore":4,"minecraft:furnace":2,"minecraft:carrots":39,"minecraft:red_sandstone":2,"projectvibrantjourneys:orange_bark_mushroom":1,"minecraft:potatoes":75,"minecraft:deepslate_iron_ore":27,"minecraft:vine":10,"regions_unexplored:ash_vent":6,"regions_unexplored:medium_grass":42,"minecraft:stone":1168,"regions_unexplored:day_lily":1,"goblins_tyranny:hut_torch":3,"regions_unexplored:redstone_bulb":4,"minecraft:podzol":3,"minecraft:acacia_leaves":1,"minecraft:basalt":30,"minecraft:crafting_table":25,"minecraft:emerald_ore":112,"regions_unexplored:volcanic_ash":35,"projectvibrantjourneys:mossy_rocks":2,"minecraft:tall_grass":3,"minecraft:copper_ore":3,"biomesoplenty:sprout":2,"minecraft:deepslate_gold_ore":9,"minecraft:lapis_ore":17,"minecraft:lily_pad":1,"minecraft:sculk":2,"minecraft:diorite":33,"supplementaries:urn":3,"minecraft:coarse_dirt":11,"regions_unexplored:redstone_bud":40,"minecraft:sweet_berry_bush":53,"regions_unexplored:redwood_leaves":1,"regions_unexplored:sandy_grass":1,"minecraft:coal_ore":462,"regions_unexplored:magnolia_shrub":2,"minecraft:gravel":43,"minecraft:cobweb":1,"minecraft:brown_terracotta":19,"minecraft:cracked_stone_bricks":3,"minecraft:terracotta":1,"minecraft:stone_bricks":19,"minecraft:gold_ore":33,"minecraft:mossy_stone_bricks":13,"minecraft:fern":13,"minecraft:infested_stone":1}},"DataVersion":3465}