{"stats":{"minecraft:used":{"minecraft:poppy":1,"minecraft:chest":1,"minecraft:iron_sword":30,"minecraft:iron_chestplate":1,"minecraft:torch":12,"minecraft:dirt":24,"projectvibrantjourneys:bark_mushroom":3,"regions_unexplored:kapok_door":2,"minecraft:iron_helmet":1,"regions_unexplored:elephant_ear":1,"minecraft:iron_boots":1,"projectvibrantjourneys:orange_bark_mushroom":1,"projectvibrantjourneys:light_brown_bark_mushroom":1,"epicfight:skillbook":1,"minecraft:iron_ore":53,"minecraft:stone_pickaxe":319,"minecraft:wooden_pickaxe":80,"minecraft:green_bed":4,"minecraft:sand":9,"minecraft:crafting_table":6,"minecraft:apple":6,"minecraft:melon_slice":44,"regions_unexplored:kapok_planks":83,"minecraft:bread":17,"minecraft:fishing_rod":16,"minecraft:cobblestone":4,"epicfight:uchigatana":9},"minecraft:mined":{"minecraft:attached_melon_stem":1,"regions_unexplored:joshua_beard":2,"biomesoplenty:desert_grass":1,"projectvibrantjourneys:rocks":1,"gravestone:gravestone":6,"regions_unexplored:kapok_log":24,"minecraft:acacia_log":6,"minecraft:grass_block":21,"regions_unexplored:elephant_ear":5,"minecraft:moss_block":1,"regions_unexplored:raw_redstone_block":2,"minecraft:hay_block":5,"minecraft:iron_ore":55,"projectvibrantjourneys:orange_bark_mushroom":1,"projectvibrantjourneys:bark_mushroom":2,"minecraft:pumpkin":2,"minecraft:vine":1,"regions_unexplored:kapok_planks":14,"minecraft:stone":260,"minecraft:green_bed":4,"regions_unexplored:redstone_bulb":2,"minecraft:acacia_leaves":1,"minecraft:melon_stem":1,"minecraft:crafting_table":7,"projectvibrantjourneys:twigs":6,"minecraft:melon":15,"minecraft:chest":1,"regions_unexplored:small_desert_shrub":2,"projectvibrantjourneys:mossy_rocks":1,"minecraft:tall_grass":1,"minecraft:cobblestone":2,"biomesoplenty:sprout":2,"minecraft:lily_pad":1,"minecraft:sugar_cane":2,"minecraft:diorite":13,"projectvibrantjourneys:light_brown_bark_mushroom":1,"regions_unexplored:redstone_bud":2,"regions_unexplored:sandy_grass":1,"minecraft:grass":26,"regions_unexplored:joshua_log":2,"minecraft:coal_ore":53,"projectvibrantjourneys:short_grass":5,"minecraft:sand":12,"minecraft:dirt":13,"minecraft:oak_leaves":2,"minecraft:fern":5},"minecraft:custom":{"minecraft:mob_kills":9,"minecraft:interact_with_crafting_table":29,"minecraft:open_barrel":2,"minecraft:leave_game":1,"minecraft:time_since_death":32750,"minecraft:climb_one_cm":13036,"minecraft:sprint_one_cm":608655,"minecraft:walk_one_cm":1113721,"minecraft:drop":23,"minecraft:talked_to_villager":4,"minecraft:play_time":263490,"minecraft:sneak_time":1004,"minecraft:deaths":8,"minecraft:walk_under_water_one_cm":1386,"minecraft:jump":1491,"minecraft:walk_on_water_one_cm":20006,"minecraft:total_world_time":263490,"minecraft:interact_with_furnace":21,"minecraft:sleep_in_bed":14,"minecraft:time_since_rest":24177,"minecraft:damage_taken":3780,"minecraft:damage_dealt":1192,"minecraft:swim_one_cm":11348,"minecraft:fly_one_cm":203454,"minecraft:open_chest":113,"minecraft:crouch_one_cm":4870,"minecraft:fish_caught":8,"minecraft:fall_one_cm":22497},"minecraft:killed_by":{"minecraft:husk":5,"minecraft:player":1,"minecraft:skeleton":1,"minecraft:zombie":1},"minecraft:dropped":{"minecraft:bread":34,"minecraft:wheat_seeds":1,"minecraft:melon_slice":9,"gravestone:obituary":1,"minecraft:wooden_sword":2,"epicfight:uchigatana":4,"alexsmobs:animal_dictionary":1},"minecraft:crafted":{"minecraft:wooden_sword":1,"minecraft:fishing_rod":1,"regions_unexplored:kapok_planks":96,"regions_unexplored:joshua_planks":8,"regions_unexplored:kapok_door":3,"minecraft:stone_pickaxe":4,"minecraft:wheat":45,"minecraft:cooked_cod":4,"minecraft:crafting_table":1,"minecraft:wooden_pickaxe":1,"minecraft:cooked_salmon":3,"minecraft:bread":41,"minecraft:golden_apple":1,"minecraft:stick":8,"minecraft:iron_ingot":53,"minecraft:acacia_planks":24,"minecraft:torch":16},"minecraft:killed":{"minecraft:spider":1,"minecraft:skeleton":1,"minecraft:husk":1,"minecraft:zombie":4},"minecraft:broken":{"minecraft:wooden_pickaxe":2,"minecraft:stone_pickaxe":2},"minecraft:picked_up":{"minecraft:crafting_table":7,"minecraft:iron_chestplate":1,"minecraft:wooden_pickaxe":1,"minecraft:enchanted_book":4,"gravestone:obituary":1,"minecraft:music_disc_cat":1,"minecraft:string":4,"alexsmobs:ancient_dart":2,"minecraft:wooden_sword":1,"minecraft:sticky_piston":3,"minecraft:pufferfish":1,"minecraft:melon_slice":78,"minecraft:sugar_cane":3,"minecraft:chest":1,"minecraft:iron_boots":1,"minecraft:raw_iron":55,"minecraft:stick":10,"regions_unexplored:kapok_planks":14,"regions_unexplored:elephant_ear":4,"projectvibrantjourneys:bark_mushroom":3,"minecraft:acacia_log":6,"minecraft:green_bed":5,"epicfight:skillbook":1,"minecraft:diorite":13,"regions_unexplored:raw_redstone_block":2,"minecraft:redstone":8,"regions_unexplored:kapok_log":24,"minecraft:arrow":2,"minecraft:rotten_flesh":5,"regions_unexplored:redstone_bulb":2,"regions_unexplored:joshua_log":2,"minecraft:vex_armor_trim_smithing_template":2,"minecraft:hay_block":5,"minecraft:iron_block":7,"minecraft:saddle":1,"minecraft:gold_ingot":11,"supplementaries:ash":1,"minecraft:cod":4,"minecraft:cobblestone":323,"minecraft:repeater":1,"minecraft:salmon":3,"minecraft:potato":1,"minecraft:lily_pad":2,"minecraft:gunpowder":5,"minecraft:dirt":28,"minecraft:name_tag":1,"minecraft:bone":3,"minecraft:wheat_seeds":5,"minecraft:iron_ore":53,"minecraft:moss_block":1,"minecraft:iron_sword":1,"projectvibrantjourneys:light_brown_bark_mushroom":1,"minecraft:pumpkin":2,"minecraft:music_disc_13":1,"minecraft:sand":11,"epicfight:uchigatana":5,"alexsmobs:animal_dictionary":2,"minecraft:dispenser":2,"minecraft:diamond":2,"minecraft:iron_helmet":1,"minecraft:bread":2,"minecraft:baked_potato":1,"projectvibrantjourneys:orange_bark_mushroom":1,"minecraft:melon_seeds":2,"minecraft:coal":51}},"DataVersion":3465}