{"stats":{"minecraft:killed":{"minecraft:pig":2,"alexsmobs:grizzly_bear":2,"minecraft:sheep":3,"minecraft:skeleton":2,"alexsmobs:cockroach":1,"minecraft:zombie":6,"alexsmobs:fly":2},"minecraft:broken":{"minecraft:stone_pickaxe":1,"minecraft:wooden_pickaxe":1},"minecraft:custom":{"minecraft:mob_kills":19,"minecraft:interact_with_crafting_table":10,"minecraft:open_barrel":4,"minecraft:interact_with_campfire":10,"minecraft:leave_game":8,"minecraft:time_since_death":211804,"minecraft:sleep_in_bed":12,"minecraft:climb_one_cm":22316,"minecraft:time_since_rest":7215,"minecraft:sprint_one_cm":637004,"minecraft:damage_taken":3520,"minecraft:walk_one_cm":1573407,"minecraft:drop":10,"minecraft:damage_dealt":3906,"minecraft:swim_one_cm":34834,"minecraft:talked_to_villager":2,"minecraft:fly_one_cm":313638,"minecraft:open_chest":50,"minecraft:crouch_one_cm":10044,"minecraft:play_time":300765,"minecraft:deaths":1,"minecraft:sneak_time":1647,"minecraft:walk_under_water_one_cm":45918,"minecraft:boat_one_cm":269101,"minecraft:jump":1906,"minecraft:walk_on_water_one_cm":84051,"minecraft:interact_with_smoker":2,"minecraft:total_world_time":300765,"minecraft:fall_one_cm":35165,"minecraft:horse_one_cm":6803},"minecraft:mined":{"minecraft:brown_mushroom":1,"minecraft:white_bed":5,"projectvibrantjourneys:rocks":2,"minecraft:crafting_table":1,"minecraft:spruce_trapdoor":1,"gravestone:gravestone":1,"minecraft:grass_block":7,"minecraft:chest":1,"minecraft:spruce_leaves":3,"biomesoplenty:sprout":1,"minecraft:oak_planks":5,"minecraft:lily_pad":1,"minecraft:blue_bed":3,"minecraft:large_fern":3,"minecraft:hay_block":1,"minecraft:spruce_log":7,"minecraft:stripped_spruce_log":3,"minecraft:grass":24,"minecraft:oak_log":3,"minecraft:coal_ore":13,"projectvibrantjourneys:short_grass":26,"minecraft:lantern":1,"minecraft:dirt":32,"projectvibrantjourneys:seashells":2,"minecraft:stone":27,"minecraft:oak_leaves":1,"minecraft:fern":2},"minecraft:picked_up":{"minecraft:crafting_table":1,"minecraft:wheat":2,"farmersdelight:rice":1,"minecraft:brown_mushroom":2,"minecraft:potato":5,"alexsmobs:bear_fur":3,"minecraft:enchanted_book":4,"minecraft:oak_log":7,"minecraft:lily_pad":9,"minecraft:lantern":1,"minecraft:blue_bed":3,"minecraft:dirt":84,"minecraft:cooked_mutton":5,"minecraft:bone":1,"minecraft:gold_nugget":4,"minecraft:wheat_seeds":18,"minecraft:candle":2,"alexsmobs:cockroach_wing_fragment":1,"minecraft:rabbit_hide":1,"minecraft:spruce_planks":3,"minecraft:eye_armor_trim_smithing_template":1,"minecraft:rabbit":1,"minecraft:spruce_slab":1,"minecraft:oak_planks":3,"minecraft:chest":1,"minecraft:spruce_trapdoor":2,"farmersdelight:cabbage_seeds":2,"minecraft:raw_iron":2,"minecraft:stick":1,"minecraft:cooked_porkchop":5,"alexsmobs:fish_bones":2,"projectvibrantjourneys:bark_mushroom":1,"minecraft:spruce_stairs":4,"minecraft:porkchop":5,"minecraft:sand":5,"minecraft:stripped_spruce_log":4,"minecraft:spruce_sapling":2,"minecraft:ink_sac":11,"minecraft:spruce_log":8,"minecraft:white_bed":5,"biomesoplenty:maple_sapling":1,"minecraft:arrow":6,"minecraft:rotten_flesh":10,"minecraft:spruce_boat":1,"minecraft:hay_block":1,"minecraft:emerald":2,"supplementaries:ash":2,"alexsmobs:maggot":6,"minecraft:ender_pearl":2,"minecraft:mutton":5,"minecraft:coal":26,"minecraft:white_wool":3,"minecraft:cobblestone":62},"minecraft:crafted":{"minecraft:oak_planks":12,"minecraft:crafting_table":2,"minecraft:spruce_planks":24,"minecraft:wooden_pickaxe":2,"minecraft:stick":12,"minecraft:stone_pickaxe":2,"minecraft:stone_sword":1,"minecraft:white_bed":1,"minecraft:wheat":9},"minecraft:killed_by":{"minecraft:player":1},"minecraft:used":{"minecraft:cooked_mutton":5,"minecraft:stone_sword":67,"minecraft:stone_pickaxe":88,"minecraft:spruce_slab":1,"minecraft:chest":1,"minecraft:wooden_pickaxe":54,"minecraft:blue_bed":2,"minecraft:rotten_flesh":3,"minecraft:dirt":62,"minecraft:crafting_table":2,"projectvibrantjourneys:bark_mushroom":1,"minecraft:white_bed":5,"minecraft:spruce_log":2,"minecraft:stripped_spruce_log":4,"minecraft:lantern":1,"minecraft:bread":27,"minecraft:spruce_trapdoor":2,"minecraft:cobblestone":6,"minecraft:cooked_porkchop":4,"alexsmobs:animal_dictionary":3},"minecraft:dropped":{"minecraft:wheat_seeds":8,"minecraft:oak_log":4,"minecraft:cooked_porkchop":1,"minecraft:dirt":11,"minecraft:ink_sac":1}},"DataVersion":3465}